user_id,timestamp,country,device,ip_address,login_success,is_anomaly
user_41,2025-07-10 14:29:00,India,Android Phone,192.168.1.59,1,0
user_48,2025-06-01 02:19:00,India,iPhone,192.168.1.9,1,0
user_39,2025-07-18 07:43:00,India,iPad,172.16.0.181,1,0
user_38,2025-06-25 09:58:00,Brazil,Windows PC,192.168.1.180,1,0
user_14,2025-06-20 02:23:00,India,iPhone,192.168.1.93,1,0
user_3,2025-05-15 07:34:00,India,Windows PC,10.0.0.22,1,0
user_40,2025-06-17 19:41:00,India,iPad,192.168.1.13,1,0
user_6,2025-06-29 13:09:00,Russia,iPhone,10.0.0.118,1,0
user_24,2025-06-18 02:35:00,Australia,Unknown Device,172.16.0.241,1,1
user_11,2025-06-08 15:52:00,India,iPad,172.16.0.144,1,0
user_50,2025-07-15 15:30:00,India,Windows PC,10.0.0.104,1,0
user_37,2025-05-16 09:23:00,India,iPad,10.0.0.103,1,0
user_10,2025-06-26 15:03:00,India,iPad,172.16.0.139,1,0
user_38,2025-06-14 02:11:00,USA,Unknown Device,172.16.0.128,1,1
user_44,2025-06-12 07:28:00,India,iPhone,10.0.0.154,0,0
user_36,2025-07-19 16:37:00,USA,Windows PC,172.16.0.228,1,0
user_42,2025-06-19 18:34:00,India,iPhone,192.168.1.118,1,0
user_47,2025-06-26 18:19:00,Australia,MacBook,172.16.0.235,1,0
user_41,2025-06-04 12:41:00,USA,MacBook,10.0.0.197,1,0
user_34,2025-07-20 16:27:00,India,iPhone,192.168.1.30,1,0
user_20,2025-06-28 22:36:00,India,Linux Desktop,192.168.1.23,1,0
user_49,2025-06-02 05:59:00,Germany,MacBook,172.16.0.123,1,0
user_34,2025-05-26 12:34:00,India,MacBook,172.16.0.195,1,0
user_20,2025-06-14 10:05:00,Australia,iPad,10.0.0.114,1,0
user_16,2025-06-30 06:50:00,India,Windows PC,172.16.0.143,1,0
user_5,2025-05-17 07:23:00,USA,MacBook,192.168.1.233,1,0
user_33,2025-06-29 01:46:00,India,iPhone,192.168.1.140,1,0
user_37,2025-05-29 06:56:00,India,iPhone,10.0.0.50,1,0
user_23,2025-06-12 04:22:00,India,iPad,192.168.1.174,1,0
user_4,2025-06-14 02:09:00,Germany,Windows PC,192.168.1.51,1,0
user_28,2025-07-04 00:51:00,India,MacBook,192.168.1.115,1,0
user_7,2025-07-16 03:11:00,USA,Linux Desktop,192.168.1.250,1,0
user_16,2025-07-05 01:23:00,Russia,Unregistered Browser,192.168.1.223,1,1
user_17,2025-06-09 07:43:00,India,iPad,172.16.0.202,1,0
user_10,2025-07-03 10:51:00,India,Windows PC,172.16.0.190,1,0
user_4,2025-07-16 04:09:00,India,Linux Desktop,172.16.0.42,1,0
user_12,2025-07-14 12:00:00,India,iPad,192.168.1.105,1,0
user_16,2025-05-29 01:01:00,India,Linux Desktop,192.168.1.109,1,0
user_21,2025-06-27 00:02:00,India,iPad,10.0.0.63,1,0
user_42,2025-06-23 10:20:00,India,Windows PC,192.168.1.119,1,0
user_7,2025-07-14 01:39:00,India,Linux Desktop,10.0.0.35,1,0
user_16,2025-06-17 02:27:00,India,iPhone,172.16.0.182,1,0
user_42,2025-06-02 14:12:00,India,Linux Desktop,10.0.0.240,1,0
user_9,2025-06-26 15:57:00,India,Windows PC,172.16.0.143,1,0
user_14,2025-05-16 10:03:00,India,iPad,172.16.0.220,1,0
user_4,2025-07-12 08:04:00,USA,Android Phone,192.168.1.2,1,0
user_17,2025-07-06 00:43:00,Germany,Linux Desktop,172.16.0.111,1,0
user_45,2025-07-07 04:05:00,India,Android Phone,172.16.0.143,1,0
user_20,2025-06-17 13:06:00,Russia,Windows PC,10.0.0.55,1,0
user_23,2025-05-30 18:36:00,Russia,iPhone,172.16.0.193,1,0
user_11,2025-07-04 14:55:00,Russia,Windows PC,192.168.1.190,1,0
user_27,2025-05-20 18:15:00,Russia,MacBook,10.0.0.42,1,0
user_3,2025-06-07 21:27:00,India,iPhone,10.0.0.80,1,0
user_15,2025-07-18 14:00:00,USA,iPhone,10.0.0.73,1,0
user_18,2025-06-18 18:36:00,USA,iPhone,172.16.0.253,1,0
user_2,2025-07-10 05:43:00,Russia,Android Phone,192.168.1.150,0,0
user_7,2025-05-27 10:28:00,India,iPad,10.0.0.113,1,0
user_25,2025-05-29 06:07:00,India,Windows PC,172.16.0.113,1,0
user_35,2025-05-19 05:14:00,Germany,iPad,172.16.0.173,1,0
user_43,2025-06-20 16:22:00,USA,iPad,192.168.1.186,1,0
user_43,2025-06-13 13:33:00,India,iPad,10.0.0.143,1,0
user_25,2025-05-20 02:04:00,Germany,MacBook,172.16.0.147,1,0
user_1,2025-06-23 01:52:00,India,iPhone,172.16.0.157,1,0
user_29,2025-05-20 05:46:00,India,iPhone,172.16.0.45,1,0
user_43,2025-05-24 03:01:00,USA,Windows PC,192.168.1.174,1,0
user_10,2025-07-18 12:20:00,India,iPhone,172.16.0.219,1,0
user_41,2025-05-29 08:07:00,India,iPad,10.0.0.128,1,0
user_45,2025-07-20 05:35:00,Russia,Windows PC,10.0.0.58,1,0
user_34,2025-06-08 10:52:00,India,MacBook,192.168.1.118,1,0
user_34,2025-05-30 20:42:00,India,iPhone,172.16.0.210,1,0
user_36,2025-06-10 03:35:00,Russia,iPad,10.0.0.117,1,0
user_41,2025-06-25 11:54:00,Germany,Linux Desktop,10.0.0.162,1,0
user_46,2025-06-24 17:31:00,India,Android Phone,10.0.0.230,1,0
user_15,2025-06-15 20:56:00,USA,iPad,192.168.1.18,1,0
user_30,2025-06-12 21:25:00,India,iPhone,10.0.0.233,1,0
user_2,2025-05-29 08:05:00,India,Windows PC,10.0.0.78,1,0
user_27,2025-06-01 17:56:00,Germany,Linux Desktop,172.16.0.231,1,0
user_28,2025-06-06 12:47:00,India,Android Phone,172.16.0.175,1,0
user_30,2025-07-09 02:53:00,Australia,Linux Desktop,192.168.1.234,1,0
user_2,2025-07-13 02:18:00,USA,MacBook,10.0.0.48,1,0
user_14,2025-06-09 08:23:00,India,iPhone,10.0.0.194,0,0
user_6,2025-06-07 22:17:00,India,Linux Desktop,192.168.1.245,1,0
user_50,2025-05-22 09:55:00,India,Windows PC,192.168.1.53,1,0
user_16,2025-07-09 05:57:00,India,Windows PC,172.16.0.244,1,0
user_50,2025-06-17 03:50:00,India,Linux Desktop,172.16.0.185,1,0
user_20,2025-07-10 21:33:00,India,Android Phone,172.16.0.175,1,0
user_46,2025-07-02 16:26:00,India,iPad,172.16.0.64,1,0
user_44,2025-05-27 02:04:00,Brazil,Linux Desktop,192.168.1.90,1,0
user_5,2025-06-04 16:24:00,USA,Windows PC,10.0.0.212,1,0
user_24,2025-05-23 21:14:00,Russia,iPhone,172.16.0.41,1,0
user_42,2025-06-26 03:41:00,USA,Linux Desktop,10.0.0.121,1,0
user_18,2025-06-21 09:36:00,Russia,Windows PC,10.0.0.227,1,0
user_37,2025-05-26 04:24:00,USA,Android Phone,192.168.1.128,1,0
user_14,2025-06-18 10:34:00,Brazil,Android Phone,10.0.0.227,1,0
user_36,2025-07-19 19:31:00,India,MacBook,192.168.1.63,1,0
user_49,2025-06-28 02:42:00,Brazil,Unregistered Browser,172.16.0.127,1,1
user_45,2025-06-28 14:11:00,India,Linux Desktop,10.0.0.123,1,0
user_48,2025-05-31 15:21:00,India,iPad,10.0.0.71,1,0
user_47,2025-07-03 04:59:00,India,iPad,172.16.0.245,1,0
user_14,2025-05-14 12:11:00,India,iPad,172.16.0.252,1,0
user_7,2025-07-03 01:38:00,India,Android Phone,192.168.1.79,1,0
user_18,2025-07-16 14:16:00,Australia,Linux Desktop,10.0.0.180,1,0
user_49,2025-06-06 01:21:00,India,Windows PC,172.16.0.74,1,0
user_12,2025-07-16 01:27:00,India,iPhone,192.168.1.212,1,0
user_37,2025-05-24 10:39:00,USA,MacBook,192.168.1.209,1,0
user_16,2025-07-09 22:56:00,India,iPhone,172.16.0.154,1,0
user_34,2025-06-16 02:45:00,India,iPhone,10.0.0.222,1,0
user_37,2025-05-25 05:02:00,India,iPad,192.168.1.244,1,0
user_17,2025-05-21 04:58:00,Russia,Unregistered Browser,192.168.1.143,1,1
user_3,2025-06-29 16:01:00,India,Android Phone,172.16.0.222,1,0
user_17,2025-05-24 20:14:00,India,MacBook,10.0.0.31,1,0
user_18,2025-07-07 18:58:00,India,MacBook,10.0.0.154,1,0
user_19,2025-06-10 18:21:00,India,iPad,10.0.0.181,1,0
user_35,2025-06-05 18:59:00,India,Linux Desktop,192.168.1.229,1,0
user_17,2025-07-18 09:11:00,India,iPad,172.16.0.152,0,0
user_44,2025-06-26 04:56:00,India,MacBook,10.0.0.134,1,0
user_12,2025-05-28 11:01:00,India,iPhone,192.168.1.122,1,0
user_43,2025-07-11 05:11:00,Russia,Android Phone,10.0.0.179,1,0
user_26,2025-05-12 12:21:00,India,iPhone,192.168.1.82,1,0
user_50,2025-06-13 22:45:00,Russia,Windows PC,172.16.0.224,1,0
user_13,2025-06-03 13:09:00,India,iPhone,172.16.0.115,1,0
user_36,2025-07-08 19:29:00,Japan,iPhone,172.16.0.126,1,0
user_39,2025-06-28 22:56:00,Germany,Android Phone,172.16.0.5,1,0
user_8,2025-06-08 17:39:00,Japan,iPad,192.168.1.129,1,0
user_46,2025-06-25 20:23:00,India,iPhone,10.0.0.64,1,0
user_13,2025-05-27 04:20:00,India,MacBook,192.168.1.72,1,0
user_22,2025-06-04 12:31:00,India,Windows PC,10.0.0.187,1,0
user_43,2025-06-06 04:03:00,Russia,iPhone,172.16.0.125,1,0
user_35,2025-06-16 09:40:00,India,Android Phone,192.168.1.253,1,0
user_15,2025-06-13 08:20:00,India,iPad,10.0.0.182,1,0
user_43,2025-05-22 09:20:00,Australia,iPhone,192.168.1.34,1,0
user_7,2025-06-10 15:50:00,India,iPhone,192.168.1.186,1,0
user_10,2025-07-13 22:14:00,India,Android Phone,10.0.0.161,1,0
user_22,2025-05-20 08:32:00,Russia,iPhone,10.0.0.162,1,0
user_35,2025-07-17 11:16:00,USA,MacBook,172.16.0.177,1,0
user_48,2025-07-12 12:15:00,India,Windows PC,172.16.0.182,1,0
user_45,2025-06-23 11:30:00,Japan,Windows PC,10.0.0.205,1,0
user_28,2025-07-07 11:41:00,India,iPhone,172.16.0.176,1,0
user_6,2025-05-26 06:14:00,Russia,Linux Desktop,172.16.0.63,1,0
user_15,2025-06-08 18:18:00,USA,iPhone,10.0.0.172,1,0
user_19,2025-05-20 01:26:00,India,Windows PC,10.0.0.243,1,0
user_41,2025-06-12 02:46:00,USA,iPhone,10.0.0.52,0,0
user_7,2025-06-29 03:30:00,India,Android Phone,172.16.0.77,0,0
user_43,2025-06-14 04:02:00,Japan,Unregistered Browser,172.16.0.201,1,1
user_50,2025-06-29 18:59:00,USA,Android Phone,192.168.1.164,1,0
user_49,2025-05-16 02:48:00,Germany,iPad,192.168.1.162,1,0
user_3,2025-06-22 14:49:00,Brazil,Windows PC,172.16.0.95,1,0
user_19,2025-06-20 23:58:00,Germany,MacBook,192.168.1.35,1,0
user_24,2025-06-02 10:02:00,India,Android Phone,192.168.1.67,1,0
user_19,2025-05-13 18:48:00,Russia,Windows PC,10.0.0.248,1,0
user_15,2025-05-20 04:14:00,Germany,iPhone,172.16.0.95,1,0
user_17,2025-06-01 21:32:00,India,Android Phone,172.16.0.193,1,0
user_41,2025-06-16 22:12:00,India,MacBook,10.0.0.8,1,0
user_21,2025-05-26 04:57:00,India,Windows PC,172.16.0.212,1,0
user_42,2025-06-13 13:45:00,India,Windows PC,192.168.1.79,0,0
user_16,2025-06-01 19:24:00,India,iPhone,10.0.0.173,1,0
user_35,2025-06-12 14:06:00,India,iPad,192.168.1.228,1,0
user_32,2025-05-25 16:47:00,India,Android Phone,192.168.1.178,1,0
user_16,2025-06-17 17:24:00,India,iPad,10.0.0.141,1,0
user_4,2025-06-14 11:57:00,India,Windows PC,10.0.0.25,1,0
user_39,2025-07-18 19:02:00,India,Android Phone,192.168.1.34,1,0
user_49,2025-05-31 07:00:00,India,MacBook,192.168.1.86,1,0
user_39,2025-07-20 11:30:00,India,MacBook,192.168.1.140,1,0
user_43,2025-07-18 09:22:00,India,Android Phone,192.168.1.152,1,0
user_4,2025-07-09 04:47:00,Germany,Linux Desktop,192.168.1.192,1,0
user_24,2025-06-04 03:30:00,Australia,Unregistered Browser,172.16.0.58,1,1
user_42,2025-07-17 21:39:00,India,iPhone,10.0.0.111,1,0
user_29,2025-07-14 01:09:00,Russia,Android Phone,172.16.0.39,1,0
user_41,2025-05-28 10:57:00,India,Android Phone,10.0.0.154,1,0
user_39,2025-06-11 13:54:00,India,iPad,192.168.1.220,1,0
user_36,2025-05-16 03:00:00,Russia,iPhone,10.0.0.229,1,0
user_30,2025-06-14 10:39:00,India,Windows PC,10.0.0.111,1,0
user_10,2025-05-19 05:18:00,Japan,Windows PC,192.168.1.214,1,0
user_48,2025-05-14 11:46:00,India,MacBook,172.16.0.17,1,0
user_22,2025-05-20 18:02:00,India,Android Phone,172.16.0.242,1,0
user_47,2025-07-16 01:18:00,Australia,Linux Desktop,10.0.0.92,1,0
user_10,2025-05-21 23:02:00,India,Windows PC,10.0.0.218,1,0
user_18,2025-05-29 11:33:00,India,iPhone,172.16.0.251,1,0
user_44,2025-05-23 03:42:00,Brazil,Unregistered Browser,172.16.0.214,1,1
user_23,2025-07-20 04:21:00,India,MacBook,172.16.0.170,1,0
user_41,2025-07-17 22:43:00,India,Linux Desktop,192.168.1.98,1,0
user_24,2025-06-22 08:55:00,Germany,Linux Desktop,172.16.0.23,1,0
user_49,2025-05-25 12:00:00,India,Windows PC,10.0.0.115,1,0
user_29,2025-06-13 00:54:00,India,Linux Desktop,192.168.1.90,1,0
user_44,2025-05-27 17:58:00,India,iPad,10.0.0.13,1,0
user_4,2025-07-20 00:54:00,India,MacBook,192.168.1.197,1,0
user_1,2025-06-05 11:08:00,Germany,MacBook,192.168.1.99,1,0
user_36,2025-05-20 22:19:00,Brazil,Windows PC,10.0.0.222,1,0
user_30,2025-07-13 15:36:00,Russia,Linux Desktop,10.0.0.148,1,0
user_19,2025-07-10 06:05:00,India,Android Phone,192.168.1.207,1,0
user_45,2025-06-17 19:13:00,India,Windows PC,192.168.1.113,1,0
user_26,2025-06-22 11:53:00,Germany,MacBook,10.0.0.201,1,0
user_8,2025-06-02 10:34:00,India,Android Phone,10.0.0.188,0,0
user_10,2025-06-29 05:33:00,India,Android Phone,192.168.1.46,1,0
user_42,2025-07-13 21:05:00,India,iPad,10.0.0.120,1,0
user_29,2025-05-19 17:44:00,Japan,Linux Desktop,172.16.0.164,0,0
user_41,2025-06-21 23:05:00,India,Windows PC,10.0.0.115,1,0
user_38,2025-07-15 01:59:00,Brazil,Unknown Device,10.0.0.120,1,1
user_40,2025-05-27 15:54:00,India,iPhone,172.16.0.143,0,0
user_3,2025-06-09 19:14:00,Japan,Linux Desktop,172.16.0.50,1,0
user_10,2025-07-15 02:32:00,India,Android Phone,172.16.0.23,1,0
user_16,2025-05-17 07:52:00,India,iPhone,172.16.0.135,1,0
user_19,2025-06-15 11:22:00,India,Android Phone,172.16.0.155,1,0
user_22,2025-07-14 17:42:00,India,Linux Desktop,172.16.0.100,1,0
user_43,2025-05-26 21:04:00,Russia,Android Phone,192.168.1.151,1,0
user_20,2025-05-22 00:31:00,USA,iPhone,192.168.1.154,1,0
user_36,2025-06-16 10:49:00,USA,Android Phone,192.168.1.173,1,0
user_44,2025-06-02 19:46:00,India,iPad,10.0.0.132,1,0
user_12,2025-07-01 05:47:00,India,iPhone,192.168.1.59,0,0
user_19,2025-07-11 12:45:00,India,Linux Desktop,172.16.0.228,1,0
user_50,2025-05-25 11:35:00,India,iPhone,192.168.1.43,1,0
user_40,2025-07-05 16:04:00,Germany,Windows PC,10.0.0.95,1,0
user_29,2025-05-26 03:50:00,India,iPad,10.0.0.61,1,0
user_31,2025-07-03 01:51:00,India,Linux Desktop,10.0.0.120,1,0
user_33,2025-06-02 17:26:00,India,MacBook,192.168.1.207,1,0
user_4,2025-05-23 09:01:00,India,Android Phone,172.16.0.241,1,0
user_8,2025-06-24 18:58:00,India,MacBook,10.0.0.117,1,0
user_28,2025-07-12 04:20:00,USA,Unregistered Browser,10.0.0.228,1,1
user_16,2025-06-15 14:06:00,Australia,Android Phone,192.168.1.9,1,0
user_46,2025-05-22 13:50:00,India,MacBook,192.168.1.11,1,0
user_45,2025-07-08 02:30:00,Brazil,Unknown Device,10.0.0.159,1,1
user_36,2025-05-15 13:01:00,USA,iPhone,192.168.1.200,1,0
user_4,2025-06-29 00:49:00,India,Linux Desktop,10.0.0.18,1,0
user_39,2025-06-01 22:40:00,India,Linux Desktop,172.16.0.63,1,0
user_1,2025-05-25 18:37:00,India,Linux Desktop,10.0.0.49,1,0
user_24,2025-07-14 13:51:00,Australia,Linux Desktop,172.16.0.203,0,0
user_25,2025-06-07 22:40:00,India,iPhone,10.0.0.66,1,0
user_5,2025-06-19 08:28:00,India,iPad,172.16.0.28,1,0
user_22,2025-07-08 14:15:00,India,Linux Desktop,10.0.0.210,1,0
user_44,2025-06-08 01:42:00,Russia,Unregistered Browser,172.16.0.48,1,1
user_13,2025-07-16 18:00:00,Brazil,Windows PC,10.0.0.240,1,0
user_35,2025-06-07 15:32:00,India,iPad,192.168.1.75,1,0
user_42,2025-06-20 12:35:00,India,Android Phone,10.0.0.229,1,0
user_25,2025-06-19 21:03:00,Australia,iPhone,172.16.0.129,1,0
user_18,2025-07-13 05:13:00,Germany,Windows PC,10.0.0.156,0,0
user_19,2025-06-21 12:00:00,India,Android Phone,172.16.0.77,1,0
user_28,2025-07-05 13:39:00,USA,Android Phone,10.0.0.12,1,0
user_40,2025-06-11 03:33:00,India,Windows PC,192.168.1.173,1,0
user_48,2025-05-19 21:30:00,India,Windows PC,192.168.1.219,1,0
user_3,2025-07-09 05:56:00,India,iPad,10.0.0.94,1,0
user_39,2025-07-06 18:30:00,USA,Android Phone,10.0.0.115,1,0
user_34,2025-06-17 04:05:00,Germany,Unregistered Browser,10.0.0.65,1,1
user_36,2025-07-10 00:26:00,India,Android Phone,172.16.0.116,1,0
user_45,2025-06-06 00:39:00,India,MacBook,192.168.1.117,1,0
user_6,2025-05-19 16:00:00,Australia,Android Phone,172.16.0.90,1,0
user_19,2025-06-23 10:26:00,Russia,iPad,172.16.0.239,1,0
user_24,2025-06-04 03:18:00,Japan,Unregistered Browser,192.168.1.62,1,1
user_36,2025-07-08 22:12:00,USA,Windows PC,192.168.1.81,1,0
user_31,2025-06-02 21:18:00,India,iPhone,172.16.0.20,1,0
user_5,2025-06-09 18:42:00,India,Linux Desktop,10.0.0.34,1,0
user_41,2025-05-28 02:39:00,USA,Unregistered Browser,10.0.0.130,1,1
user_11,2025-07-05 23:52:00,India,iPad,192.168.1.90,1,0
user_19,2025-07-13 13:25:00,India,iPad,172.16.0.72,1,0
user_35,2025-07-12 05:36:00,India,MacBook,172.16.0.243,1,0
user_40,2025-05-16 03:27:00,USA,Unknown Device,172.16.0.12,1,1
user_50,2025-05-29 15:50:00,India,iPad,192.168.1.129,1,0
user_42,2025-06-23 05:45:00,India,iPad,10.0.0.78,1,0
user_11,2025-06-10 17:22:00,India,iPhone,192.168.1.89,1,0
user_46,2025-06-21 16:08:00,Germany,Android Phone,10.0.0.35,1,0
user_7,2025-06-21 16:34:00,India,Windows PC,10.0.0.117,1,0
user_19,2025-06-15 18:30:00,Russia,iPhone,192.168.1.248,1,0
user_21,2025-05-29 03:43:00,Germany,MacBook,192.168.1.129,0,0
user_20,2025-06-05 11:10:00,India,iPhone,172.16.0.119,0,0
user_23,2025-07-16 07:24:00,India,iPhone,172.16.0.227,1,0
user_19,2025-06-01 21:16:00,India,Windows PC,10.0.0.36,1,0
user_49,2025-06-14 00:46:00,India,iPhone,192.168.1.147,1,0
user_19,2025-07-14 01:04:00,India,iPhone,172.16.0.73,1,0
user_40,2025-07-09 22:09:00,India,Windows PC,10.0.0.97,1,0
user_24,2025-05-13 03:27:00,Germany,Unregistered Browser,172.16.0.104,1,1
user_34,2025-06-09 03:23:00,India,Linux Desktop,192.168.1.85,1,0
user_26,2025-05-25 14:56:00,Germany,Android Phone,172.16.0.88,1,0
user_32,2025-05-17 05:26:00,India,iPhone,192.168.1.96,1,0
user_27,2025-05-28 14:34:00,India,iPad,172.16.0.163,1,0
user_42,2025-05-29 02:00:00,India,iPad,192.168.1.151,1,0
user_47,2025-05-25 01:51:00,Australia,Unknown Device,192.168.1.212,1,1
user_2,2025-06-10 14:14:00,India,MacBook,10.0.0.178,1,0
user_40,2025-06-07 19:27:00,Russia,iPad,172.16.0.17,1,0
user_36,2025-06-21 03:37:00,Australia,iPhone,172.16.0.98,1,0
user_35,2025-06-19 13:52:00,India,iPad,172.16.0.176,1,0
user_40,2025-06-06 15:59:00,India,MacBook,10.0.0.144,1,0
user_20,2025-06-24 10:21:00,Germany,iPad,172.16.0.127,1,0
user_47,2025-06-25 20:19:00,India,Linux Desktop,172.16.0.141,1,0
user_23,2025-07-07 09:43:00,India,Android Phone,172.16.0.22,1,0
user_17,2025-05-13 17:06:00,India,MacBook,172.16.0.71,1,0
user_9,2025-07-10 19:05:00,USA,Linux Desktop,192.168.1.64,1,0
user_15,2025-05-23 16:05:00,India,Windows PC,10.0.0.86,1,0
user_50,2025-07-08 05:23:00,India,Linux Desktop,192.168.1.106,1,0
user_31,2025-06-07 06:41:00,USA,Android Phone,10.0.0.75,1,0
user_6,2025-05-22 04:43:00,Germany,Unknown Device,172.16.0.187,1,1
user_3,2025-06-14 14:27:00,Brazil,MacBook,172.16.0.248,1,0
user_3,2025-07-19 21:27:00,India,Linux Desktop,192.168.1.239,0,0
user_42,2025-06-01 06:50:00,India,MacBook,172.16.0.121,1,0
user_22,2025-07-05 22:43:00,Germany,iPad,10.0.0.185,1,0
user_19,2025-05-30 01:21:00,USA,MacBook,192.168.1.158,1,0
user_28,2025-06-03 20:03:00,India,iPhone,172.16.0.26,1,0
user_21,2025-06-28 03:49:00,India,iPhone,192.168.1.116,1,0
user_20,2025-05-28 17:17:00,Germany,Windows PC,10.0.0.169,1,0
user_43,2025-07-09 23:26:00,India,MacBook,10.0.0.177,1,0
user_46,2025-06-22 10:21:00,USA,iPad,10.0.0.96,1,0
user_9,2025-06-07 05:05:00,India,iPad,172.16.0.97,1,0
user_31,2025-05-12 19:14:00,India,iPad,192.168.1.197,1,0
user_6,2025-06-02 21:42:00,India,iPad,10.0.0.21,1,0
user_36,2025-06-04 17:26:00,India,Linux Desktop,192.168.1.44,1,0
user_8,2025-05-19 19:34:00,India,Linux Desktop,10.0.0.25,1,0
user_4,2025-06-09 11:09:00,India,iPhone,10.0.0.146,1,0
user_20,2025-05-15 03:40:00,Russia,Unknown Device,192.168.1.192,1,1
user_35,2025-07-15 06:04:00,Japan,Windows PC,10.0.0.10,1,0
user_9,2025-05-23 08:16:00,Australia,iPad,10.0.0.97,0,0
user_25,2025-06-16 13:05:00,India,iPad,172.16.0.36,1,0
user_12,2025-06-01 03:02:00,USA,Unregistered Browser,172.16.0.252,1,1
user_44,2025-05-16 06:48:00,India,Linux Desktop,10.0.0.212,1,0
user_10,2025-06-25 15:32:00,India,iPad,192.168.1.10,1,0
user_50,2025-07-19 07:31:00,India,Windows PC,192.168.1.154,1,0
user_46,2025-07-16 07:21:00,India,Windows PC,10.0.0.114,1,0
user_50,2025-07-15 14:23:00,India,Android Phone,192.168.1.210,1,0
user_37,2025-05-27 07:31:00,Germany,Android Phone,192.168.1.79,1,0
user_34,2025-06-30 14:49:00,India,Android Phone,192.168.1.144,1,0
user_12,2025-05-24 18:11:00,USA,Linux Desktop,10.0.0.14,0,0
user_43,2025-06-16 01:03:00,Brazil,Android Phone,172.16.0.108,1,0
user_12,2025-05-13 01:39:00,India,MacBook,192.168.1.78,1,0
user_30,2025-07-15 11:49:00,India,iPhone,172.16.0.137,1,0
user_14,2025-06-20 16:13:00,USA,iPhone,10.0.0.25,1,0
user_4,2025-06-26 07:14:00,India,Linux Desktop,172.16.0.12,1,0
user_49,2025-05-28 06:06:00,Germany,Linux Desktop,192.168.1.124,1,0
user_20,2025-07-19 08:12:00,India,MacBook,172.16.0.32,1,0
user_16,2025-05-18 10:04:00,USA,MacBook,10.0.0.236,1,0
user_19,2025-06-16 02:07:00,India,iPad,10.0.0.80,1,0
user_32,2025-06-08 07:41:00,India,iPad,10.0.0.196,1,0
user_24,2025-06-22 06:06:00,India,Linux Desktop,192.168.1.191,1,0
user_38,2025-05-29 00:32:00,Germany,Android Phone,192.168.1.52,1,0
user_16,2025-06-05 06:57:00,India,iPad,10.0.0.67,1,0
user_47,2025-05-23 07:53:00,Germany,iPhone,192.168.1.189,1,0
user_47,2025-05-31 01:45:00,USA,Unknown Device,172.16.0.247,1,1
user_27,2025-07-08 05:20:00,Brazil,MacBook,192.168.1.183,1,0
user_30,2025-06-16 18:25:00,India,iPad,172.16.0.241,1,0
user_32,2025-07-19 07:20:00,India,Linux Desktop,10.0.0.5,1,0
user_35,2025-06-24 15:25:00,India,iPad,172.16.0.112,1,0
user_7,2025-07-11 23:17:00,India,MacBook,192.168.1.160,1,0
user_18,2025-06-14 14:39:00,India,iPhone,10.0.0.146,1,0
user_20,2025-05-19 04:23:00,Russia,Unregistered Browser,172.16.0.221,1,1
user_36,2025-06-07 09:51:00,India,Windows PC,172.16.0.45,1,0
user_42,2025-06-20 14:01:00,India,Windows PC,172.16.0.237,1,0
user_45,2025-05-30 03:32:00,India,Windows PC,192.168.1.177,1,0
user_37,2025-05-21 20:02:00,India,Android Phone,192.168.1.248,1,0
user_46,2025-06-14 11:36:00,Japan,Android Phone,192.168.1.146,1,0
user_25,2025-05-20 02:41:00,Russia,Android Phone,10.0.0.195,1,0
user_45,2025-05-15 19:44:00,India,iPad,10.0.0.15,1,0
user_5,2025-06-19 17:39:00,USA,Linux Desktop,172.16.0.103,0,0
user_41,2025-06-25 20:36:00,Brazil,iPhone,10.0.0.60,1,0
user_28,2025-07-03 19:56:00,USA,iPad,10.0.0.23,1,0
user_16,2025-05-16 19:53:00,India,Android Phone,192.168.1.99,1,0
user_48,2025-06-15 06:33:00,India,Windows PC,192.168.1.3,1,0
user_49,2025-06-26 04:23:00,India,Windows PC,192.168.1.112,1,0
user_27,2025-07-11 08:03:00,India,Android Phone,172.16.0.25,1,0
user_25,2025-07-19 14:44:00,India,iPhone,192.168.1.187,1,0
user_16,2025-05-29 16:14:00,India,iPad,10.0.0.45,1,0
user_32,2025-07-07 10:54:00,India,iPhone,10.0.0.109,1,0
user_24,2025-06-27 19:51:00,Japan,iPad,172.16.0.128,1,0
user_7,2025-07-08 09:43:00,India,iPhone,10.0.0.217,1,0
user_22,2025-06-10 16:01:00,India,iPad,172.16.0.36,1,0
user_45,2025-07-02 10:55:00,India,MacBook,10.0.0.249,1,0
user_41,2025-06-06 01:04:00,Australia,MacBook,10.0.0.98,1,0
user_24,2025-07-10 08:54:00,Japan,MacBook,172.16.0.141,1,0
user_2,2025-05-15 13:04:00,India,iPad,192.168.1.114,1,0
user_5,2025-06-13 11:54:00,USA,MacBook,172.16.0.79,1,0
user_46,2025-06-12 05:21:00,Brazil,Windows PC,10.0.0.155,1,0
user_33,2025-05-18 18:38:00,India,Windows PC,10.0.0.181,1,0
user_41,2025-07-13 00:03:00,India,MacBook,172.16.0.172,1,0
user_3,2025-05-30 11:19:00,Australia,iPad,172.16.0.104,0,0
user_28,2025-07-11 02:15:00,India,Android Phone,192.168.1.132,1,0
user_45,2025-05-29 09:04:00,India,Android Phone,10.0.0.120,1,0
user_33,2025-07-07 00:23:00,India,Windows PC,10.0.0.28,1,0
user_6,2025-07-10 04:08:00,Brazil,iPad,192.168.1.91,1,0
user_14,2025-06-03 07:18:00,India,iPhone,192.168.1.114,1,0
user_5,2025-06-23 09:45:00,India,iPad,192.168.1.7,1,0
user_44,2025-07-05 18:39:00,Japan,iPad,192.168.1.134,1,0
user_36,2025-06-11 22:16:00,Australia,MacBook,10.0.0.163,1,0
user_28,2025-06-14 17:32:00,India,Linux Desktop,192.168.1.117,1,0
user_46,2025-07-01 04:28:00,India,iPad,192.168.1.149,1,0
user_12,2025-06-17 10:36:00,India,iPhone,192.168.1.69,1,0
user_41,2025-06-22 05:03:00,India,Linux Desktop,10.0.0.152,1,0
user_30,2025-05-25 13:03:00,India,iPad,172.16.0.206,1,0
user_6,2025-05-20 13:27:00,India,Windows PC,192.168.1.80,1,0
user_10,2025-06-04 05:47:00,India,Linux Desktop,192.168.1.149,1,0
user_41,2025-06-01 19:46:00,USA,iPad,192.168.1.144,1,0
user_12,2025-06-22 02:29:00,Germany,Unregistered Browser,192.168.1.223,1,1
user_36,2025-06-04 17:33:00,USA,iPhone,172.16.0.127,1,0
user_32,2025-07-05 12:19:00,India,Windows PC,192.168.1.76,1,0
user_19,2025-07-05 10:14:00,Brazil,Linux Desktop,172.16.0.199,1,0
user_8,2025-05-29 04:35:00,Australia,Unknown Device,10.0.0.140,1,1
user_28,2025-07-11 03:58:00,Brazil,Unknown Device,192.168.1.78,1,1
user_29,2025-07-10 01:15:00,Germany,MacBook,192.168.1.209,1,0
user_46,2025-05-26 04:33:00,USA,MacBook,172.16.0.37,1,0
user_4,2025-05-29 20:21:00,India,Android Phone,172.16.0.139,1,0
user_19,2025-06-24 09:38:00,India,Linux Desktop,172.16.0.210,1,0
user_27,2025-07-15 08:11:00,Australia,iPad,192.168.1.181,1,0
user_46,2025-06-21 10:04:00,Brazil,iPad,10.0.0.127,1,0
user_41,2025-06-13 00:48:00,India,Windows PC,172.16.0.205,1,0
user_33,2025-05-13 11:43:00,India,Android Phone,10.0.0.245,1,0
user_50,2025-05-15 01:02:00,India,iPhone,172.16.0.172,1,0
user_35,2025-06-14 12:52:00,India,iPhone,192.168.1.128,1,0
user_22,2025-05-31 22:04:00,India,Linux Desktop,10.0.0.203,1,0
user_4,2025-07-16 13:20:00,India,iPhone,192.168.1.33,1,0
user_30,2025-07-20 16:13:00,Australia,iPhone,192.168.1.178,1,0
user_20,2025-07-06 06:24:00,Russia,Android Phone,192.168.1.169,1,0
user_43,2025-05-22 16:07:00,India,iPhone,172.16.0.80,1,0
user_28,2025-05-22 01:46:00,India,Windows PC,192.168.1.56,1,0
user_15,2025-06-03 10:57:00,USA,Windows PC,192.168.1.180,1,0
user_28,2025-05-18 13:33:00,India,Windows PC,192.168.1.100,1,0
user_7,2025-06-22 05:10:00,India,Android Phone,192.168.1.99,1,0
user_9,2025-05-23 08:09:00,Australia,MacBook,192.168.1.137,1,0
user_11,2025-06-10 16:17:00,India,MacBook,172.16.0.193,1,0
user_44,2025-06-10 11:17:00,Russia,Windows PC,192.168.1.37,1,0
user_25,2025-06-18 17:45:00,Australia,Android Phone,192.168.1.65,1,0
user_36,2025-05-27 03:47:00,Australia,Unknown Device,10.0.0.201,1,1
user_34,2025-05-26 11:50:00,India,iPad,10.0.0.77,1,0
user_16,2025-06-05 16:36:00,India,MacBook,10.0.0.165,1,0
user_1,2025-06-17 20:52:00,Japan,MacBook,10.0.0.222,1,0
user_35,2025-05-19 01:47:00,Germany,Unknown Device,192.168.1.6,1,1
user_26,2025-06-04 14:59:00,India,iPad,172.16.0.198,1,0
user_6,2025-05-23 02:25:00,Germany,Unregistered Browser,192.168.1.73,1,1
user_26,2025-05-28 08:36:00,USA,iPad,172.16.0.166,1,0
user_47,2025-06-29 00:23:00,India,Windows PC,10.0.0.31,1,0
user_20,2025-05-21 02:37:00,Germany,iPad,192.168.1.32,1,0
user_1,2025-07-05 19:48:00,India,Android Phone,172.16.0.134,1,0
user_11,2025-06-16 21:20:00,India,Android Phone,172.16.0.228,1,0
user_22,2025-06-11 15:49:00,India,Windows PC,10.0.0.184,0,0
user_32,2025-06-09 07:18:00,India,Windows PC,10.0.0.221,1,0
user_17,2025-07-11 08:54:00,Russia,iPad,172.16.0.31,1,0
user_3,2025-07-19 14:51:00,India,iPhone,10.0.0.100,1,0
user_3,2025-05-31 09:56:00,Brazil,iPad,172.16.0.169,1,0
user_27,2025-05-16 04:12:00,India,Windows PC,172.16.0.97,1,0
user_4,2025-07-04 09:54:00,India,Linux Desktop,192.168.1.246,1,0
user_19,2025-06-22 10:58:00,India,Linux Desktop,10.0.0.4,1,0
user_20,2025-05-14 10:04:00,USA,iPhone,10.0.0.153,0,0
user_50,2025-07-02 22:47:00,Germany,Linux Desktop,192.168.1.40,1,0
user_15,2025-06-01 10:40:00,India,iPad,192.168.1.245,1,0
user_25,2025-05-14 13:20:00,Germany,Windows PC,192.168.1.137,0,0
user_4,2025-07-07 18:40:00,Germany,Windows PC,192.168.1.237,1,0
user_27,2025-05-17 22:40:00,Russia,iPhone,172.16.0.23,1,0
user_41,2025-06-14 20:13:00,India,Linux Desktop,192.168.1.113,1,0
user_19,2025-06-26 23:33:00,Russia,iPhone,172.16.0.214,1,0
user_18,2025-06-29 11:22:00,India,MacBook,192.168.1.201,1,0
user_7,2025-07-05 18:37:00,India,Android Phone,10.0.0.32,1,0
user_14,2025-06-09 14:28:00,India,Android Phone,192.168.1.25,1,0
user_46,2025-05-18 07:20:00,USA,MacBook,10.0.0.39,1,0
user_23,2025-06-14 16:05:00,India,iPad,10.0.0.68,1,0
user_26,2025-06-09 13:51:00,India,Linux Desktop,192.168.1.26,1,0
user_9,2025-07-09 16:22:00,India,MacBook,192.168.1.52,1,0
user_41,2025-05-23 02:21:00,USA,Unregistered Browser,10.0.0.236,1,1
user_9,2025-07-12 04:46:00,Japan,Unregistered Browser,192.168.1.12,1,1
user_32,2025-07-18 01:17:00,India,iPhone,192.168.1.92,1,0
user_18,2025-06-10 03:22:00,Russia,Windows PC,172.16.0.160,1,0
user_32,2025-06-13 05:41:00,Russia,iPhone,192.168.1.24,1,0
user_13,2025-05-23 05:48:00,Russia,Linux Desktop,192.168.1.163,0,0
user_2,2025-06-15 22:07:00,Brazil,Android Phone,10.0.0.141,1,0
user_37,2025-06-05 00:12:00,India,Android Phone,192.168.1.8,1,0
user_50,2025-06-25 03:59:00,India,iPhone,172.16.0.93,1,0
user_11,2025-07-11 14:57:00,India,MacBook,10.0.0.138,1,0
user_4,2025-06-30 18:23:00,India,iPhone,10.0.0.241,1,0
user_12,2025-06-29 03:56:00,Australia,Unknown Device,172.16.0.93,1,1
user_37,2025-07-03 02:29:00,USA,Unknown Device,172.16.0.81,1,1
user_2,2025-06-02 19:39:00,India,Android Phone,172.16.0.53,1,0
user_12,2025-06-21 06:48:00,India,MacBook,172.16.0.182,1,0
user_34,2025-06-17 12:35:00,Australia,Android Phone,172.16.0.243,1,0
user_22,2025-06-23 06:29:00,India,MacBook,172.16.0.244,1,0
user_32,2025-05-22 15:32:00,India,iPad,172.16.0.179,1,0
user_23,2025-06-30 10:01:00,USA,MacBook,10.0.0.80,1,0
user_12,2025-05-15 09:32:00,India,iPad,172.16.0.102,1,0
user_37,2025-07-17 18:57:00,India,Android Phone,172.16.0.58,1,0
user_32,2025-07-07 22:27:00,India,Windows PC,192.168.1.90,0,0
user_6,2025-05-17 04:56:00,USA,iPad,10.0.0.116,1,0
user_45,2025-07-14 13:36:00,India,Windows PC,172.16.0.2,1,0
user_27,2025-07-05 14:19:00,Russia,iPhone,10.0.0.91,1,0
user_31,2025-05-29 02:55:00,USA,iPad,192.168.1.43,1,0
user_3,2025-06-23 21:27:00,India,Android Phone,192.168.1.20,1,0
user_11,2025-05-15 02:39:00,India,Windows PC,10.0.0.154,0,0
user_46,2025-07-17 21:59:00,India,iPad,192.168.1.157,1,0
user_7,2025-06-20 14:24:00,India,MacBook,10.0.0.180,1,0
user_35,2025-06-26 14:13:00,USA,Android Phone,192.168.1.26,1,0
user_32,2025-07-06 18:10:00,India,Windows PC,10.0.0.24,1,0
user_39,2025-06-07 00:24:00,India,Windows PC,192.168.1.45,1,0
user_31,2025-07-10 05:22:00,India,iPhone,10.0.0.127,1,0
user_42,2025-06-01 04:02:00,Russia,Unregistered Browser,10.0.0.96,1,1
user_15,2025-06-26 07:01:00,India,MacBook,172.16.0.172,1,0
user_35,2025-06-13 01:19:00,Australia,Linux Desktop,192.168.1.143,1,0
user_34,2025-06-12 15:11:00,Australia,iPad,10.0.0.148,1,0
user_6,2025-06-14 19:14:00,Japan,iPad,192.168.1.130,1,0
user_37,2025-05-20 01:36:00,Australia,MacBook,192.168.1.245,1,0
user_11,2025-07-01 10:49:00,Brazil,MacBook,192.168.1.110,1,0
user_13,2025-05-24 15:30:00,India,Linux Desktop,10.0.0.83,1,0
user_5,2025-07-12 19:35:00,India,iPhone,172.16.0.85,1,0
user_1,2025-05-17 23:37:00,USA,Linux Desktop,10.0.0.30,1,0
user_38,2025-05-28 16:49:00,Germany,Windows PC,192.168.1.146,1,0
user_35,2025-06-19 10:30:00,Russia,Android Phone,10.0.0.169,1,0
user_3,2025-07-05 01:31:00,India,MacBook,172.16.0.157,1,0
user_26,2025-06-20 13:32:00,USA,Windows PC,172.16.0.123,1,0
user_2,2025-06-19 23:37:00,Brazil,Android Phone,10.0.0.73,1,0
user_44,2025-07-11 19:08:00,Australia,MacBook,192.168.1.78,0,0
user_21,2025-06-26 05:08:00,Germany,Linux Desktop,172.16.0.24,1,0
user_27,2025-05-14 07:04:00,India,Linux Desktop,10.0.0.212,1,0
user_5,2025-06-22 10:02:00,Germany,iPhone,192.168.1.201,1,0
user_2,2025-07-04 02:09:00,Brazil,Unregistered Browser,192.168.1.65,1,1
user_24,2025-06-08 11:35:00,India,iPad,192.168.1.176,1,0
user_39,2025-06-10 03:10:00,India,iPhone,172.16.0.143,1,0
user_17,2025-05-13 13:34:00,Brazil,Windows PC,10.0.0.9,1,0
user_37,2025-07-01 05:30:00,Russia,iPad,192.168.1.175,1,0
user_33,2025-07-18 21:53:00,Russia,iPad,192.168.1.123,1,0
user_39,2025-07-19 23:12:00,India,Linux Desktop,10.0.0.184,0,0
user_28,2025-06-16 11:16:00,Russia,iPhone,10.0.0.57,1,0
user_40,2025-06-14 14:06:00,India,Windows PC,172.16.0.171,0,0
user_36,2025-05-22 03:33:00,Brazil,Unregistered Browser,10.0.0.177,1,1
user_17,2025-05-22 00:23:00,Germany,iPad,10.0.0.50,1,0
user_4,2025-05-27 02:54:00,India,Android Phone,172.16.0.37,1,0
user_19,2025-06-27 02:58:00,Japan,iPhone,10.0.0.190,1,0
user_37,2025-07-03 10:49:00,India,iPad,192.168.1.177,1,0
user_43,2025-06-18 02:33:00,India,MacBook,172.16.0.226,1,0
user_31,2025-07-09 02:12:00,Germany,iPad,172.16.0.197,1,0
user_22,2025-05-22 04:03:00,India,Android Phone,192.168.1.192,1,0
user_22,2025-06-16 01:44:00,Australia,Unregistered Browser,10.0.0.219,1,1
user_13,2025-06-05 02:23:00,Germany,Unknown Device,10.0.0.137,1,1
user_22,2025-06-13 11:48:00,Australia,iPhone,192.168.1.82,1,0
user_6,2025-06-06 08:33:00,India,MacBook,10.0.0.164,1,0
user_14,2025-05-12 10:50:00,Germany,Linux Desktop,192.168.1.127,1,0
user_9,2025-05-25 19:20:00,India,iPhone,10.0.0.111,0,0
user_3,2025-06-02 03:38:00,India,Android Phone,192.168.1.230,1,0
user_13,2025-07-19 02:33:00,USA,iPad,172.16.0.65,1,0
user_20,2025-07-09 00:02:00,India,Linux Desktop,172.16.0.80,1,0
user_20,2025-06-24 06:22:00,India,Linux Desktop,172.16.0.136,1,0
user_9,2025-06-19 12:59:00,Australia,iPhone,10.0.0.194,1,0
user_26,2025-07-18 23:55:00,India,iPad,192.168.1.56,1,0
user_11,2025-07-09 12:38:00,India,iPad,192.168.1.98,1,0
user_35,2025-05-25 01:26:00,Australia,Unregistered Browser,172.16.0.29,1,1
user_29,2025-06-16 03:01:00,India,Android Phone,10.0.0.181,1,0
user_41,2025-07-19 21:22:00,India,iPad,192.168.1.171,1,0
user_45,2025-07-08 06:03:00,India,Windows PC,172.16.0.186,1,0
user_7,2025-06-05 10:22:00,India,MacBook,10.0.0.214,1,0
user_46,2025-06-13 10:34:00,India,Windows PC,172.16.0.129,1,0
user_31,2025-06-20 15:29:00,India,Windows PC,172.16.0.24,1,0
user_43,2025-06-05 18:18:00,India,Windows PC,172.16.0.21,1,0
user_17,2025-05-23 02:07:00,India,Android Phone,10.0.0.120,1,0
user_3,2025-06-24 06:56:00,India,iPad,10.0.0.111,1,0
user_49,2025-07-16 13:27:00,India,MacBook,172.16.0.167,1,0
user_29,2025-05-25 03:20:00,India,iPad,192.168.1.97,1,0
user_26,2025-06-14 07:20:00,Australia,Android Phone,10.0.0.178,1,0
user_42,2025-07-05 13:21:00,India,iPad,172.16.0.17,0,0
user_7,2025-06-12 20:52:00,Japan,iPhone,172.16.0.175,1,0
user_50,2025-06-18 02:19:00,USA,iPad,172.16.0.251,1,0
user_32,2025-07-10 10:59:00,Russia,iPhone,192.168.1.18,1,0
user_46,2025-05-20 00:44:00,India,iPad,172.16.0.187,1,0
user_43,2025-06-19 22:40:00,India,iPad,172.16.0.160,1,0
user_16,2025-06-06 20:54:00,India,iPad,172.16.0.100,1,0
user_40,2025-07-15 18:29:00,India,MacBook,172.16.0.219,1,0
user_11,2025-07-13 04:09:00,Germany,Unregistered Browser,192.168.1.86,1,1
user_16,2025-07-13 13:29:00,India,Linux Desktop,10.0.0.24,1,0
user_8,2025-06-05 11:10:00,Germany,Windows PC,192.168.1.105,1,0
user_1,2025-07-12 11:08:00,Brazil,Linux Desktop,172.16.0.79,1,0
user_42,2025-05-20 14:50:00,India,Android Phone,10.0.0.213,1,0
user_30,2025-06-20 12:29:00,India,Linux Desktop,172.16.0.123,1,0
user_29,2025-07-10 08:36:00,India,iPad,192.168.1.2,1,0
user_19,2025-05-31 21:15:00,India,iPad,192.168.1.13,1,0
user_46,2025-05-14 03:39:00,Germany,Windows PC,10.0.0.158,1,0
user_26,2025-07-01 02:44:00,India,MacBook,172.16.0.88,1,0
user_41,2025-05-20 13:23:00,India,iPhone,10.0.0.170,1,0
user_32,2025-07-20 08:13:00,India,Windows PC,172.16.0.241,1,0
user_33,2025-07-04 14:35:00,USA,MacBook,172.16.0.210,1,0
user_39,2025-05-26 13:31:00,Russia,Linux Desktop,10.0.0.109,0,0
user_49,2025-06-28 03:24:00,India,Android Phone,10.0.0.117,1,0
user_39,2025-05-18 00:29:00,Russia,Linux Desktop,10.0.0.217,1,0
user_46,2025-05-14 16:05:00,Japan,iPad,192.168.1.53,1,0
user_44,2025-06-19 07:23:00,Japan,MacBook,172.16.0.168,0,0
user_35,2025-05-18 12:57:00,USA,iPad,192.168.1.196,1,0
user_37,2025-05-21 00:16:00,Germany,iPad,172.16.0.230,1,0
user_28,2025-07-19 02:48:00,Brazil,Unregistered Browser,10.0.0.39,1,1
user_44,2025-06-27 22:20:00,India,Windows PC,172.16.0.202,1,0
user_3,2025-06-18 02:08:00,Brazil,Windows PC,172.16.0.224,1,0
user_15,2025-05-14 03:52:00,USA,iPhone,192.168.1.132,1,0
user_19,2025-05-18 15:57:00,USA,iPhone,10.0.0.108,0,0
user_21,2025-05-31 11:33:00,India,iPad,10.0.0.53,1,0
user_29,2025-06-30 04:58:00,Japan,iPad,172.16.0.167,1,0
user_48,2025-05-26 19:34:00,India,iPad,192.168.1.77,1,0
user_5,2025-07-03 17:14:00,Australia,iPad,172.16.0.32,1,0
user_36,2025-06-26 16:27:00,India,Linux Desktop,10.0.0.3,1,0
user_10,2025-07-17 02:26:00,India,Android Phone,172.16.0.15,1,0
user_43,2025-06-23 07:49:00,India,Linux Desktop,172.16.0.93,1,0
user_34,2025-06-30 17:11:00,Australia,Linux Desktop,192.168.1.203,1,0
user_35,2025-06-14 00:25:00,India,MacBook,192.168.1.171,1,0
user_14,2025-05-13 05:29:00,USA,iPhone,172.16.0.212,1,0
user_8,2025-05-20 20:22:00,India,MacBook,172.16.0.159,1,0
user_3,2025-05-19 14:38:00,Russia,iPhone,192.168.1.100,1,0
user_2,2025-06-03 16:35:00,Brazil,Android Phone,172.16.0.207,1,0
user_19,2025-05-22 10:24:00,India,Linux Desktop,192.168.1.244,1,0
user_50,2025-06-01 18:28:00,India,iPad,192.168.1.55,1,0
user_44,2025-06-12 03:00:00,Brazil,MacBook,172.16.0.214,1,0
user_50,2025-06-11 02:54:00,USA,Windows PC,172.16.0.177,1,0
user_22,2025-07-17 03:56:00,Germany,Unregistered Browser,192.168.1.205,1,1
user_25,2025-06-09 16:12:00,USA,iPhone,10.0.0.6,1,0
user_1,2025-05-23 08:29:00,Germany,Windows PC,172.16.0.151,1,0
user_23,2025-06-04 23:14:00,India,iPad,10.0.0.157,1,0
user_29,2025-06-16 00:29:00,India,iPad,192.168.1.123,1,0
user_48,2025-06-15 03:33:00,Brazil,Linux Desktop,10.0.0.247,1,0
user_47,2025-05-22 18:15:00,India,Windows PC,172.16.0.225,1,0
user_1,2025-05-29 14:34:00,India,Linux Desktop,172.16.0.244,1,0
user_48,2025-05-15 15:51:00,India,iPhone,172.16.0.219,1,0
user_15,2025-05-25 14:05:00,Brazil,MacBook,192.168.1.48,1,0
user_4,2025-05-13 09:01:00,Japan,Linux Desktop,10.0.0.167,1,0
user_5,2025-06-27 22:03:00,India,iPad,172.16.0.126,0,0
user_43,2025-05-22 01:47:00,India,Android Phone,172.16.0.19,1,0
user_29,2025-06-20 20:25:00,USA,Android Phone,172.16.0.151,1,0
user_21,2025-06-11 18:02:00,India,Android Phone,192.168.1.203,1,0
user_28,2025-06-25 13:17:00,Brazil,MacBook,172.16.0.189,1,0
user_29,2025-06-18 02:01:00,Germany,iPhone,172.16.0.29,1,0
user_18,2025-07-07 01:51:00,USA,Unknown Device,10.0.0.189,1,1
user_38,2025-05-29 01:04:00,India,Linux Desktop,192.168.1.234,1,0
user_35,2025-06-07 18:22:00,USA,MacBook,10.0.0.102,1,0
user_47,2025-06-24 06:00:00,India,Linux Desktop,172.16.0.25,1,0
user_43,2025-06-28 23:51:00,Brazil,Linux Desktop,172.16.0.44,1,0
user_11,2025-07-04 10:21:00,India,Linux Desktop,172.16.0.225,0,0
user_31,2025-06-18 01:53:00,India,iPhone,192.168.1.18,1,0
user_43,2025-07-01 21:59:00,India,Android Phone,10.0.0.122,1,0
user_3,2025-05-22 16:58:00,India,iPad,172.16.0.164,1,0
user_17,2025-05-29 01:39:00,India,MacBook,10.0.0.169,1,0
user_5,2025-06-03 17:01:00,India,MacBook,172.16.0.105,1,0
user_32,2025-06-06 20:30:00,Russia,Windows PC,172.16.0.227,1,0
user_5,2025-06-03 21:40:00,USA,MacBook,192.168.1.49,1,0
user_8,2025-05-21 13:29:00,India,Android Phone,172.16.0.31,1,0
user_14,2025-05-27 23:05:00,India,iPhone,192.168.1.64,1,0
user_11,2025-07-08 11:23:00,USA,Windows PC,172.16.0.39,1,0
user_12,2025-06-03 17:04:00,Australia,Linux Desktop,172.16.0.165,1,0
user_43,2025-06-24 22:29:00,Japan,MacBook,10.0.0.157,0,0
user_11,2025-06-30 18:29:00,Brazil,Linux Desktop,192.168.1.205,1,0
user_40,2025-05-21 16:40:00,India,MacBook,172.16.0.177,1,0
user_38,2025-07-14 11:18:00,India,iPhone,192.168.1.29,1,0
user_33,2025-05-19 10:40:00,India,MacBook,172.16.0.26,1,0
user_39,2025-07-17 04:25:00,Russia,Linux Desktop,172.16.0.194,1,0
user_9,2025-05-26 19:23:00,India,Windows PC,172.16.0.168,1,0
user_3,2025-05-18 05:40:00,India,MacBook,10.0.0.204,1,0
user_48,2025-05-12 10:05:00,Brazil,Linux Desktop,192.168.1.110,1,0
user_15,2025-07-13 02:35:00,India,Linux Desktop,10.0.0.67,1,0
user_1,2025-05-29 03:04:00,India,Linux Desktop,192.168.1.98,1,0
user_21,2025-06-13 12:33:00,India,MacBook,10.0.0.168,1,0
user_35,2025-06-12 04:24:00,India,Linux Desktop,10.0.0.176,1,0
user_36,2025-05-30 23:41:00,India,Android Phone,172.16.0.144,1,0
user_37,2025-06-19 09:26:00,Germany,iPhone,172.16.0.37,1,0
user_48,2025-06-29 19:45:00,India,iPad,192.168.1.27,1,0
user_22,2025-05-31 14:56:00,USA,iPad,172.16.0.15,1,0
user_1,2025-07-12 10:42:00,Brazil,iPhone,172.16.0.113,1,0
user_24,2025-07-13 10:51:00,USA,iPad,10.0.0.240,0,0
user_34,2025-06-24 15:53:00,Germany,Linux Desktop,192.168.1.244,1,0
user_32,2025-06-10 18:45:00,India,iPad,172.16.0.75,1,0
user_33,2025-06-03 18:53:00,USA,Linux Desktop,192.168.1.174,1,0
user_1,2025-07-06 09:45:00,India,Android Phone,10.0.0.92,1,0
user_13,2025-06-03 14:40:00,India,iPad,192.168.1.237,1,0
user_36,2025-05-28 16:15:00,India,Android Phone,192.168.1.157,0,0
user_26,2025-05-29 03:47:00,Brazil,Unknown Device,10.0.0.131,1,1
user_33,2025-06-27 06:45:00,Russia,Linux Desktop,10.0.0.179,1,0
user_31,2025-06-28 14:15:00,Germany,iPhone,172.16.0.119,1,0
user_31,2025-07-10 03:42:00,India,iPhone,172.16.0.203,0,0
user_15,2025-06-21 23:58:00,India,Android Phone,172.16.0.139,1,0
user_16,2025-06-24 14:06:00,India,iPad,172.16.0.212,1,0
user_12,2025-06-07 08:38:00,India,MacBook,172.16.0.70,1,0
user_13,2025-06-05 07:37:00,Germany,MacBook,172.16.0.63,1,0
user_13,2025-06-28 00:13:00,Brazil,Android Phone,192.168.1.201,1,0
user_44,2025-05-21 08:25:00,India,Windows PC,172.16.0.247,1,0
user_40,2025-06-22 00:39:00,India,Linux Desktop,10.0.0.127,1,0
user_33,2025-06-25 05:26:00,India,Linux Desktop,192.168.1.15,1,0
user_35,2025-07-17 18:33:00,India,iPhone,172.16.0.200,1,0
user_45,2025-06-03 13:39:00,India,iPad,192.168.1.5,1,0
user_7,2025-06-21 02:46:00,India,Android Phone,192.168.1.142,1,0
user_40,2025-06-19 12:11:00,India,iPhone,10.0.0.55,1,0
user_24,2025-06-14 06:35:00,India,MacBook,172.16.0.35,0,0
user_7,2025-05-16 03:03:00,India,MacBook,172.16.0.112,1,0
user_48,2025-07-07 03:00:00,India,Windows PC,192.168.1.109,1,0
user_41,2025-06-03 16:16:00,India,Android Phone,10.0.0.78,1,0
user_4,2025-06-14 11:22:00,India,MacBook,192.168.1.57,1,0
user_41,2025-07-11 23:19:00,India,Android Phone,10.0.0.94,1,0
user_17,2025-06-19 09:54:00,India,Windows PC,10.0.0.224,1,0
user_37,2025-05-29 07:38:00,USA,Linux Desktop,192.168.1.252,1,0
user_44,2025-06-04 06:37:00,India,iPad,10.0.0.229,1,0
user_30,2025-05-24 05:42:00,Australia,MacBook,172.16.0.208,1,0
user_40,2025-05-29 16:56:00,India,Windows PC,192.168.1.43,1,0
user_42,2025-06-24 05:13:00,Germany,Linux Desktop,172.16.0.103,1,0
user_24,2025-05-13 02:53:00,Australia,Unregistered Browser,10.0.0.44,1,1
user_48,2025-05-17 01:00:00,Russia,Unknown Device,192.168.1.103,1,1
user_50,2025-06-14 14:24:00,India,Windows PC,192.168.1.69,1,0
user_25,2025-06-22 13:52:00,India,iPad,10.0.0.115,1,0
user_11,2025-07-18 03:17:00,India,Android Phone,10.0.0.223,1,0
user_35,2025-06-25 22:36:00,India,MacBook,172.16.0.140,1,0
user_41,2025-05-13 13:40:00,USA,Linux Desktop,10.0.0.136,1,0
user_23,2025-06-06 21:30:00,India,Windows PC,10.0.0.80,1,0
user_20,2025-07-19 04:38:00,Russia,Unregistered Browser,10.0.0.75,1,1
user_1,2025-06-11 13:23:00,Brazil,Linux Desktop,192.168.1.205,1,0
user_27,2025-05-30 17:09:00,India,MacBook,192.168.1.185,1,0
user_25,2025-06-30 15:48:00,India,iPhone,172.16.0.63,1,0
user_40,2025-05-18 13:47:00,USA,Android Phone,172.16.0.192,1,0
user_13,2025-07-14 12:08:00,India,Android Phone,192.168.1.165,1,0
user_45,2025-05-25 01:16:00,India,Android Phone,192.168.1.40,1,0
user_12,2025-07-11 10:16:00,India,MacBook,172.16.0.114,1,0
user_10,2025-07-19 09:31:00,India,Android Phone,10.0.0.81,1,0
user_24,2025-06-08 12:45:00,USA,Windows PC,10.0.0.22,1,0
user_4,2025-06-26 11:30:00,Germany,Windows PC,172.16.0.122,1,0
user_17,2025-06-16 00:07:00,Brazil,Windows PC,172.16.0.65,1,0
user_16,2025-05-14 14:20:00,Australia,MacBook,10.0.0.190,1,0
user_14,2025-06-07 01:47:00,Japan,Unregistered Browser,10.0.0.42,1,1
user_31,2025-05-23 14:49:00,India,Android Phone,192.168.1.223,1,0
user_16,2025-05-24 03:05:00,India,Windows PC,192.168.1.205,1,0
user_16,2025-07-19 22:11:00,Australia,Linux Desktop,172.16.0.123,1,0
user_50,2025-07-12 14:13:00,India,iPhone,192.168.1.177,1,0
user_49,2025-05-24 20:04:00,India,Android Phone,172.16.0.41,1,0
user_9,2025-06-06 07:59:00,India,Linux Desktop,172.16.0.195,1,0
user_47,2025-07-03 04:09:00,India,iPhone,10.0.0.187,1,0
user_32,2025-05-17 10:03:00,India,Android Phone,172.16.0.180,1,0
user_35,2025-06-19 02:12:00,India,iPhone,10.0.0.224,1,0
user_36,2025-07-06 03:25:00,India,MacBook,10.0.0.77,1,0
user_30,2025-07-20 02:07:00,Brazil,Unregistered Browser,10.0.0.189,1,1
user_47,2025-07-14 23:19:00,USA,Linux Desktop,10.0.0.50,1,0
user_36,2025-07-06 16:59:00,USA,Android Phone,10.0.0.166,1,0
user_43,2025-07-14 16:02:00,India,MacBook,192.168.1.225,1,0
user_13,2025-07-11 17:58:00,India,iPad,10.0.0.170,1,0
user_38,2025-06-27 10:35:00,India,MacBook,172.16.0.185,1,0
user_14,2025-05-22 01:11:00,India,Windows PC,10.0.0.207,1,0
user_48,2025-06-12 21:02:00,Brazil,iPad,192.168.1.212,1,0
user_47,2025-07-14 07:56:00,Brazil,Windows PC,192.168.1.247,1,0
user_15,2025-06-02 08:16:00,India,MacBook,172.16.0.170,1,0
user_12,2025-05-30 21:48:00,Germany,iPhone,172.16.0.29,1,0
user_44,2025-06-08 23:36:00,Germany,iPhone,192.168.1.44,1,0
user_33,2025-06-20 00:23:00,USA,Linux Desktop,172.16.0.115,1,0
user_36,2025-06-21 04:28:00,Brazil,iPhone,172.16.0.112,1,0
user_16,2025-05-30 11:29:00,India,iPhone,172.16.0.239,1,0
user_29,2025-06-10 00:07:00,Australia,Windows PC,172.16.0.10,0,0
user_34,2025-07-08 10:36:00,Australia,Android Phone,192.168.1.78,0,0
user_21,2025-07-18 18:17:00,Germany,iPad,10.0.0.237,1,0
user_37,2025-07-06 15:43:00,India,iPhone,10.0.0.41,1,0
user_38,2025-06-27 23:52:00,India,Android Phone,192.168.1.148,1,0
user_47,2025-07-13 17:03:00,Germany,iPhone,192.168.1.126,1,0
user_37,2025-07-12 01:22:00,India,Android Phone,192.168.1.189,1,0
user_50,2025-07-15 15:32:00,Japan,Android Phone,10.0.0.227,1,0
user_8,2025-06-30 02:25:00,Germany,Linux Desktop,192.168.1.164,1,0
user_20,2025-06-03 00:10:00,India,Linux Desktop,172.16.0.40,1,0
user_10,2025-07-16 03:20:00,USA,iPhone,10.0.0.194,1,0
user_15,2025-06-11 10:07:00,India,iPhone,192.168.1.35,1,0
user_48,2025-07-16 05:58:00,India,Android Phone,192.168.1.104,1,0
user_9,2025-05-12 09:00:00,India,Linux Desktop,192.168.1.126,1,0
user_36,2025-05-25 16:02:00,Australia,Linux Desktop,192.168.1.64,1,0
user_21,2025-05-19 09:52:00,Japan,Windows PC,192.168.1.173,1,0
user_13,2025-06-21 13:02:00,India,iPad,192.168.1.199,1,0
user_40,2025-06-10 11:40:00,USA,iPhone,192.168.1.238,1,0
user_24,2025-07-06 12:55:00,Germany,Windows PC,192.168.1.191,1,0
user_10,2025-06-24 02:14:00,Germany,Unknown Device,192.168.1.80,1,1
user_35,2025-06-03 02:36:00,Germany,Linux Desktop,10.0.0.161,1,0
user_45,2025-05-20 21:51:00,India,Linux Desktop,172.16.0.136,1,0
user_19,2025-07-02 11:16:00,Brazil,Linux Desktop,10.0.0.15,1,0
user_5,2025-06-15 04:41:00,Australia,Unknown Device,172.16.0.94,1,1
user_25,2025-06-04 10:46:00,Australia,Windows PC,10.0.0.126,1,0
user_12,2025-07-02 03:15:00,Japan,Unregistered Browser,172.16.0.239,1,1
user_32,2025-06-14 22:18:00,Germany,Windows PC,10.0.0.177,1,0
user_16,2025-06-05 02:41:00,India,Windows PC,172.16.0.67,1,0
user_2,2025-05-31 05:24:00,Japan,MacBook,192.168.1.89,1,0
user_6,2025-05-15 07:13:00,India,iPad,172.16.0.225,1,0
user_16,2025-05-29 14:11:00,India,Android Phone,172.16.0.86,1,0
user_42,2025-07-08 02:58:00,India,iPad,192.168.1.222,1,0
user_34,2025-07-08 10:14:00,India,MacBook,172.16.0.240,1,0
user_5,2025-05-31 00:10:00,India,iPad,192.168.1.49,1,0
user_47,2025-07-18 01:17:00,Germany,iPhone,10.0.0.79,1,0
user_41,2025-05-14 12:46:00,India,MacBook,192.168.1.35,1,0
user_40,2025-05-25 13:57:00,India,Linux Desktop,172.16.0.61,1,0
user_2,2025-06-18 00:52:00,India,iPhone,192.168.1.130,1,0
user_42,2025-06-16 16:46:00,India,iPhone,10.0.0.123,1,0
user_3,2025-06-13 13:07:00,Germany,Windows PC,10.0.0.245,1,0
user_13,2025-05-12 18:18:00,India,MacBook,10.0.0.223,1,0
user_30,2025-06-28 06:35:00,India,Windows PC,172.16.0.190,1,0
user_26,2025-05-26 01:50:00,Japan,Linux Desktop,172.16.0.139,1,0
user_3,2025-06-03 08:19:00,India,iPhone,192.168.1.226,0,0
user_26,2025-05-14 04:41:00,Brazil,Unregistered Browser,172.16.0.197,1,1
user_20,2025-06-24 17:06:00,India,iPhone,10.0.0.158,1,0
user_10,2025-06-08 12:59:00,Brazil,iPhone,192.168.1.186,1,0
user_38,2025-05-18 09:00:00,India,iPhone,10.0.0.84,1,0
user_38,2025-05-16 20:55:00,Russia,iPhone,192.168.1.66,1,0
user_46,2025-07-05 19:26:00,Germany,Windows PC,192.168.1.31,1,0
user_6,2025-06-03 01:24:00,Germany,iPad,172.16.0.158,1,0
user_25,2025-07-16 17:47:00,Germany,Android Phone,172.16.0.225,1,0
user_10,2025-07-04 10:57:00,Germany,Windows PC,10.0.0.80,1,0
user_29,2025-06-24 10:50:00,USA,Windows PC,192.168.1.247,1,0
user_17,2025-07-19 15:01:00,India,iPhone,172.16.0.208,1,0
user_16,2025-06-30 23:55:00,India,iPhone,10.0.0.106,1,0
user_1,2025-06-28 11:06:00,Russia,Android Phone,172.16.0.162,1,0
user_4,2025-07-03 03:54:00,Japan,Unregistered Browser,10.0.0.11,1,1
user_6,2025-07-16 06:35:00,India,MacBook,192.168.1.174,1,0
user_45,2025-05-27 13:58:00,India,Linux Desktop,192.168.1.249,1,0
user_3,2025-07-12 01:15:00,Russia,Unregistered Browser,10.0.0.231,1,1
user_31,2025-07-08 11:46:00,India,Android Phone,10.0.0.136,1,0
user_14,2025-05-26 00:38:00,India,Linux Desktop,172.16.0.252,1,0
user_31,2025-05-15 19:56:00,USA,iPad,10.0.0.111,1,0
user_34,2025-05-29 09:16:00,Australia,Android Phone,192.168.1.159,1,0
user_41,2025-06-05 10:22:00,India,MacBook,172.16.0.61,1,0
user_1,2025-07-09 23:28:00,India,iPad,192.168.1.190,1,0
user_27,2025-06-13 03:12:00,Germany,Unregistered Browser,172.16.0.208,1,1
user_5,2025-06-22 17:21:00,India,Linux Desktop,10.0.0.198,1,0
user_22,2025-06-14 16:31:00,Germany,Linux Desktop,192.168.1.215,1,0
user_22,2025-05-20 12:39:00,India,iPhone,192.168.1.167,1,0
user_30,2025-06-01 20:40:00,Russia,iPhone,10.0.0.239,1,0
user_20,2025-05-30 07:33:00,Germany,Android Phone,172.16.0.139,1,0
user_22,2025-06-18 13:15:00,India,MacBook,10.0.0.217,1,0
user_41,2025-06-02 02:33:00,Brazil,Linux Desktop,172.16.0.101,1,0
user_49,2025-06-22 16:14:00,Germany,Android Phone,172.16.0.10,1,0
user_16,2025-06-16 21:57:00,India,Android Phone,192.168.1.136,1,0
user_3,2025-07-02 08:12:00,Japan,iPhone,172.16.0.8,1,0
user_10,2025-07-03 10:10:00,India,iPhone,172.16.0.225,1,0
user_10,2025-07-11 01:03:00,Russia,Unknown Device,172.16.0.35,1,1
user_20,2025-07-16 03:30:00,Japan,Unknown Device,192.168.1.87,1,1
user_37,2025-05-12 16:44:00,India,MacBook,10.0.0.53,1,0
user_21,2025-06-10 01:04:00,Japan,Unknown Device,192.168.1.42,1,1
user_35,2025-06-18 20:25:00,India,Android Phone,192.168.1.243,1,0
user_16,2025-07-05 03:32:00,India,Linux Desktop,10.0.0.140,1,0
user_31,2025-05-20 06:03:00,India,iPhone,192.168.1.24,1,0
user_39,2025-05-27 18:48:00,USA,iPad,172.16.0.116,1,0
user_13,2025-05-16 20:20:00,Germany,Linux Desktop,192.168.1.251,1,0
user_37,2025-07-08 17:47:00,India,iPad,10.0.0.26,1,0
user_46,2025-06-08 09:01:00,India,MacBook,192.168.1.222,1,0
user_24,2025-06-15 01:11:00,India,iPad,10.0.0.203,1,0
user_32,2025-07-17 23:35:00,India,Windows PC,10.0.0.124,1,0
user_50,2025-06-19 00:08:00,USA,MacBook,172.16.0.28,1,0
user_7,2025-06-21 01:49:00,India,Windows PC,10.0.0.138,1,0
user_16,2025-05-25 05:22:00,India,MacBook,10.0.0.100,1,0
user_45,2025-05-27 22:42:00,India,iPhone,172.16.0.203,1,0
user_12,2025-05-21 10:12:00,USA,iPad,172.16.0.148,1,0
user_39,2025-06-08 14:27:00,India,Windows PC,10.0.0.47,1,0
user_39,2025-07-10 20:08:00,USA,Linux Desktop,10.0.0.85,1,0
user_6,2025-06-30 22:19:00,Brazil,Linux Desktop,172.16.0.209,1,0
user_10,2025-06-09 12:09:00,India,iPhone,172.16.0.149,1,0
user_21,2025-06-23 10:55:00,India,iPad,10.0.0.237,1,0
user_23,2025-07-12 14:38:00,India,Linux Desktop,172.16.0.105,1,0
user_4,2025-06-17 03:07:00,Japan,Windows PC,192.168.1.182,1,0
user_8,2025-06-25 01:12:00,Russia,MacBook,10.0.0.181,1,0
user_46,2025-06-15 21:28:00,India,iPhone,172.16.0.56,1,0
user_13,2025-05-31 04:21:00,India,Android Phone,10.0.0.41,1,0
user_9,2025-07-08 12:21:00,India,iPad,192.168.1.38,1,0
user_28,2025-07-08 09:05:00,India,iPad,10.0.0.222,1,0
user_39,2025-06-11 23:44:00,USA,iPhone,172.16.0.110,1,0
user_23,2025-06-30 04:33:00,India,Linux Desktop,192.168.1.149,1,0
user_46,2025-06-05 03:39:00,Russia,Unknown Device,172.16.0.95,1,1
user_38,2025-06-06 21:46:00,Australia,Windows PC,192.168.1.188,1,0
user_49,2025-06-25 07:17:00,India,Windows PC,172.16.0.229,1,0
user_41,2025-05-14 05:27:00,USA,iPad,192.168.1.177,1,0
user_20,2025-05-25 22:29:00,India,Android Phone,172.16.0.201,1,0
user_31,2025-05-29 11:51:00,Germany,iPhone,10.0.0.247,0,0
user_11,2025-07-17 12:31:00,USA,Linux Desktop,172.16.0.79,1,0
user_4,2025-05-24 10:58:00,India,MacBook,172.16.0.15,1,0
user_48,2025-05-24 21:51:00,India,iPhone,192.168.1.34,1,0
user_18,2025-06-27 19:05:00,India,Android Phone,10.0.0.221,1,0
user_39,2025-07-04 20:15:00,Japan,iPad,192.168.1.170,1,0
user_17,2025-05-17 22:50:00,India,MacBook,172.16.0.222,1,0
user_10,2025-05-27 12:42:00,Japan,MacBook,10.0.0.194,0,0
user_16,2025-05-21 14:27:00,India,iPad,192.168.1.55,1,0
user_4,2025-05-23 06:39:00,India,Windows PC,192.168.1.44,1,0
user_31,2025-05-13 19:42:00,Japan,Linux Desktop,192.168.1.99,1,0
user_17,2025-07-07 12:36:00,India,iPhone,192.168.1.75,1,0
user_44,2025-06-22 00:04:00,Australia,iPad,192.168.1.26,1,0
user_28,2025-05-26 04:04:00,Japan,Android Phone,10.0.0.71,1,0
user_42,2025-05-28 13:32:00,India,iPad,172.16.0.63,1,0
user_13,2025-06-03 09:50:00,India,iPad,192.168.1.82,1,0
user_5,2025-07-19 15:34:00,India,Linux Desktop,192.168.1.177,1,0
user_19,2025-06-27 19:25:00,India,Windows PC,172.16.0.25,1,0
user_14,2025-05-27 04:19:00,USA,iPad,192.168.1.24,1,0
user_43,2025-05-22 18:19:00,India,MacBook,192.168.1.180,1,0
user_43,2025-07-13 20:17:00,USA,Android Phone,10.0.0.179,1,0
user_21,2025-06-27 07:32:00,India,Windows PC,10.0.0.200,1,0
user_4,2025-06-27 05:34:00,Australia,Android Phone,192.168.1.114,1,0
user_13,2025-05-26 04:28:00,India,iPad,10.0.0.29,1,0
user_14,2025-05-25 03:28:00,Japan,Unregistered Browser,172.16.0.68,1,1
user_2,2025-06-05 10:27:00,India,iPad,192.168.1.240,1,0
user_10,2025-05-18 00:24:00,India,iPhone,172.16.0.2,1,0
user_32,2025-06-07 05:11:00,India,iPad,192.168.1.140,1,0
user_45,2025-06-06 20:36:00,India,Linux Desktop,10.0.0.87,1,0
user_41,2025-05-22 20:08:00,India,Linux Desktop,10.0.0.22,1,0
user_19,2025-05-22 18:34:00,India,Linux Desktop,192.168.1.249,1,0
user_45,2025-06-15 05:30:00,Russia,iPad,172.16.0.93,1,0
user_29,2025-05-14 19:21:00,India,Windows PC,192.168.1.8,1,0
user_32,2025-06-15 08:25:00,India,Linux Desktop,172.16.0.80,1,0
user_29,2025-07-19 05:50:00,India,Windows PC,10.0.0.203,1,0
user_14,2025-05-22 05:20:00,USA,iPhone,172.16.0.224,1,0
user_38,2025-06-29 01:44:00,Japan,Unknown Device,172.16.0.38,1,1
user_45,2025-05-22 16:24:00,India,MacBook,172.16.0.14,1,0
user_7,2025-06-09 05:08:00,USA,Linux Desktop,192.168.1.211,1,0
user_39,2025-05-25 16:50:00,India,MacBook,10.0.0.88,1,0
user_44,2025-06-14 03:29:00,India,iPad,172.16.0.141,1,0
user_14,2025-07-16 14:06:00,India,Android Phone,192.168.1.32,1,0
user_11,2025-05-18 04:37:00,USA,Unknown Device,10.0.0.64,1,1
user_2,2025-06-06 09:54:00,India,Windows PC,192.168.1.239,1,0
user_19,2025-06-12 20:26:00,USA,iPhone,172.16.0.34,1,0
user_34,2025-06-09 17:44:00,India,MacBook,172.16.0.179,1,0
user_32,2025-05-26 00:39:00,Australia,iPad,10.0.0.91,1,0
user_13,2025-07-10 01:00:00,Australia,Windows PC,172.16.0.94,1,0
user_33,2025-06-30 18:41:00,India,iPad,172.16.0.55,1,0
user_10,2025-05-19 08:45:00,Brazil,iPhone,10.0.0.47,1,0
user_4,2025-05-23 00:58:00,India,MacBook,10.0.0.66,1,0
user_49,2025-06-09 11:47:00,India,iPad,192.168.1.238,1,0
user_2,2025-06-06 14:04:00,India,Windows PC,192.168.1.186,1,0
user_27,2025-07-02 15:31:00,Germany,Android Phone,192.168.1.201,1,0
user_16,2025-05-14 14:03:00,India,MacBook,10.0.0.230,1,0
user_32,2025-07-15 18:59:00,Russia,MacBook,192.168.1.239,1,0
user_24,2025-07-08 07:43:00,India,MacBook,172.16.0.93,0,0
user_9,2025-07-17 19:35:00,USA,Windows PC,10.0.0.36,1,0
user_27,2025-07-05 03:42:00,Germany,MacBook,10.0.0.156,1,0
user_40,2025-07-05 06:28:00,India,Linux Desktop,192.168.1.24,1,0
user_14,2025-05-27 21:22:00,India,iPhone,10.0.0.5,1,0
user_16,2025-06-28 04:18:00,India,Linux Desktop,192.168.1.230,1,0
user_37,2025-07-20 06:36:00,India,Windows PC,192.168.1.122,1,0
user_28,2025-06-02 09:26:00,India,iPad,192.168.1.117,1,0
user_49,2025-07-19 14:33:00,USA,iPhone,192.168.1.35,1,0
user_6,2025-07-19 06:54:00,India,Android Phone,192.168.1.182,1,0
user_38,2025-07-18 12:22:00,Australia,iPhone,192.168.1.225,1,0
user_24,2025-05-24 16:24:00,India,iPad,192.168.1.222,1,0
user_45,2025-06-20 10:27:00,India,Android Phone,10.0.0.194,1,0
user_35,2025-05-29 09:05:00,Brazil,iPad,192.168.1.160,1,0
user_4,2025-06-03 21:14:00,Japan,iPad,10.0.0.229,1,0
user_30,2025-05-25 02:10:00,Australia,Unknown Device,192.168.1.167,1,1
user_22,2025-06-29 00:23:00,India,iPad,10.0.0.190,1,0
user_45,2025-07-01 15:23:00,Germany,MacBook,10.0.0.92,1,0
user_28,2025-06-25 12:16:00,India,Android Phone,10.0.0.117,1,0
user_8,2025-06-07 22:36:00,Germany,iPad,172.16.0.232,1,0
user_44,2025-05-18 15:19:00,Brazil,Windows PC,192.168.1.230,1,0
user_26,2025-07-04 11:04:00,India,Windows PC,192.168.1.44,1,0
user_32,2025-07-07 00:55:00,Russia,Linux Desktop,172.16.0.7,1,0
user_35,2025-07-08 17:16:00,India,iPhone,10.0.0.190,1,0
user_5,2025-07-18 17:33:00,Russia,MacBook,172.16.0.167,1,0
user_42,2025-05-22 22:22:00,Brazil,iPhone,172.16.0.172,1,0
user_29,2025-06-09 01:10:00,India,MacBook,10.0.0.45,1,0
user_24,2025-06-24 12:14:00,Germany,Windows PC,192.168.1.92,1,0
user_40,2025-07-06 02:26:00,Germany,Android Phone,192.168.1.251,1,0
user_43,2025-07-06 18:24:00,India,Windows PC,192.168.1.83,1,0
user_24,2025-07-03 22:39:00,India,iPad,192.168.1.172,1,0
user_24,2025-06-09 02:05:00,Russia,Unregistered Browser,172.16.0.79,1,1
user_21,2025-07-06 12:47:00,India,iPad,172.16.0.251,1,0
user_19,2025-06-07 14:25:00,Russia,Linux Desktop,172.16.0.39,1,0
user_29,2025-06-19 21:49:00,USA,iPad,10.0.0.232,1,0
user_8,2025-06-22 16:41:00,India,Linux Desktop,192.168.1.116,1,0
user_39,2025-05-23 08:43:00,India,Linux Desktop,192.168.1.202,1,0
user_2,2025-07-13 03:05:00,India,iPhone,172.16.0.173,0,0
user_26,2025-07-03 00:55:00,India,Linux Desktop,172.16.0.132,1,0
user_24,2025-06-14 13:13:00,India,iPhone,10.0.0.100,1,0
user_23,2025-06-22 16:40:00,Australia,Linux Desktop,192.168.1.57,1,0
user_27,2025-06-10 11:02:00,India,iPad,10.0.0.188,1,0
user_38,2025-05-27 07:29:00,India,MacBook,10.0.0.123,0,0
user_22,2025-07-14 17:16:00,Japan,Linux Desktop,10.0.0.24,1,0
user_18,2025-06-13 00:10:00,India,iPhone,172.16.0.147,1,0
user_12,2025-06-15 23:42:00,India,iPhone,192.168.1.212,1,0
user_20,2025-06-05 18:19:00,India,iPhone,192.168.1.8,1,0
user_20,2025-05-23 10:23:00,Brazil,iPhone,192.168.1.169,1,0
user_12,2025-06-05 23:09:00,Japan,iPad,192.168.1.9,1,0
user_5,2025-05-27 05:24:00,Germany,Linux Desktop,10.0.0.146,1,0
user_44,2025-06-07 02:46:00,Brazil,Unknown Device,10.0.0.133,1,1
user_10,2025-06-21 15:20:00,India,iPad,192.168.1.93,1,0
user_27,2025-05-23 19:47:00,Japan,Android Phone,192.168.1.76,1,0
user_5,2025-06-03 23:08:00,India,iPad,192.168.1.197,1,0
user_35,2025-06-21 08:57:00,Russia,iPad,10.0.0.71,1,0
user_7,2025-06-02 02:14:00,India,MacBook,192.168.1.37,1,0
user_32,2025-06-13 05:41:00,India,MacBook,192.168.1.57,1,0
user_13,2025-05-30 21:17:00,USA,Linux Desktop,172.16.0.184,1,0
user_8,2025-06-12 03:59:00,Brazil,Unregistered Browser,192.168.1.211,1,1
user_9,2025-06-10 12:16:00,Russia,Linux Desktop,172.16.0.197,0,0
user_20,2025-07-18 02:52:00,Germany,Windows PC,192.168.1.34,1,0
user_15,2025-06-22 18:06:00,India,MacBook,192.168.1.110,1,0
user_5,2025-07-19 00:37:00,Germany,iPhone,192.168.1.52,1,0
user_33,2025-05-27 17:53:00,India,Windows PC,10.0.0.13,1,0
user_49,2025-07-11 22:53:00,Brazil,Linux Desktop,192.168.1.152,1,0
user_23,2025-07-18 01:46:00,India,iPad,10.0.0.244,1,0
user_33,2025-05-15 10:08:00,USA,Linux Desktop,172.16.0.19,1,0
user_1,2025-06-02 14:26:00,India,MacBook,10.0.0.45,1,0
user_47,2025-07-11 18:07:00,Japan,Linux Desktop,172.16.0.123,1,0
user_29,2025-05-20 10:21:00,Australia,MacBook,10.0.0.253,1,0
user_15,2025-06-13 15:19:00,India,Android Phone,192.168.1.121,1,0
user_49,2025-06-17 20:32:00,Germany,Linux Desktop,172.16.0.12,1,0
user_25,2025-06-24 22:08:00,India,iPad,10.0.0.177,0,0
user_36,2025-06-13 15:58:00,India,iPhone,192.168.1.221,1,0
user_31,2025-05-19 22:06:00,India,Windows PC,172.16.0.127,1,0
user_34,2025-05-21 19:04:00,USA,Windows PC,192.168.1.103,1,0
user_7,2025-05-14 06:01:00,Japan,MacBook,192.168.1.95,0,0
user_39,2025-06-13 22:31:00,India,iPhone,172.16.0.129,1,0
user_38,2025-05-27 16:51:00,India,iPad,10.0.0.93,1,0
user_26,2025-06-06 15:13:00,India,MacBook,10.0.0.29,1,0
user_15,2025-05-24 01:00:00,Australia,Unknown Device,192.168.1.190,1,1
user_25,2025-05-26 16:57:00,USA,MacBook,10.0.0.161,1,0
user_43,2025-05-13 07:47:00,India,iPhone,10.0.0.53,1,0
user_33,2025-06-26 01:05:00,Russia,Unregistered Browser,172.16.0.6,1,1
user_29,2025-06-22 02:32:00,Russia,iPhone,10.0.0.11,1,0
user_50,2025-06-23 03:41:00,Russia,MacBook,10.0.0.112,1,0
user_32,2025-07-10 18:45:00,India,iPhone,172.16.0.143,1,0
user_31,2025-05-30 13:26:00,Russia,Linux Desktop,192.168.1.102,1,0
user_25,2025-05-25 03:58:00,Brazil,Unknown Device,10.0.0.17,1,1
user_49,2025-05-24 20:01:00,India,Windows PC,10.0.0.90,0,0
user_4,2025-05-21 13:11:00,India,MacBook,172.16.0.81,1,0
user_5,2025-06-22 23:36:00,India,MacBook,192.168.1.139,1,0
user_28,2025-05-30 00:46:00,India,iPhone,10.0.0.7,1,0
user_21,2025-06-16 08:31:00,India,Android Phone,172.16.0.27,1,0
user_44,2025-07-01 23:53:00,India,Linux Desktop,172.16.0.88,1,0
user_28,2025-07-02 04:57:00,Japan,Unknown Device,172.16.0.56,1,1
user_40,2025-05-14 02:50:00,Australia,iPad,172.16.0.26,1,0
user_37,2025-06-02 09:34:00,India,MacBook,10.0.0.205,1,0
user_33,2025-06-23 10:32:00,India,Linux Desktop,10.0.0.53,1,0
user_33,2025-06-09 11:36:00,USA,Linux Desktop,192.168.1.227,1,0
user_12,2025-05-29 05:33:00,India,iPad,172.16.0.242,1,0
user_35,2025-05-25 19:28:00,Russia,iPhone,172.16.0.188,1,0
user_24,2025-06-08 15:22:00,India,MacBook,172.16.0.177,1,0
user_27,2025-06-21 17:35:00,Russia,Windows PC,172.16.0.54,1,0
user_19,2025-05-22 22:23:00,India,iPad,172.16.0.62,1,0
user_13,2025-07-18 05:10:00,India,Android Phone,10.0.0.126,1,0
user_42,2025-07-17 08:51:00,India,Android Phone,192.168.1.9,1,0
user_43,2025-05-31 03:39:00,USA,Unregistered Browser,172.16.0.126,1,1
user_5,2025-06-13 16:34:00,Russia,iPad,172.16.0.228,1,0
user_47,2025-07-07 22:38:00,India,Linux Desktop,172.16.0.130,1,0
user_38,2025-06-02 22:15:00,India,Windows PC,192.168.1.155,1,0
user_22,2025-05-28 13:13:00,Germany,iPad,172.16.0.62,1,0
user_7,2025-07-04 19:04:00,India,Android Phone,10.0.0.106,1,0
user_32,2025-06-02 04:19:00,India,Windows PC,10.0.0.141,1,0
user_18,2025-07-07 13:08:00,India,iPad,10.0.0.212,1,0
user_39,2025-07-17 13:39:00,Brazil,iPad,192.168.1.178,1,0
user_17,2025-05-31 10:14:00,India,iPad,172.16.0.94,1,0
user_35,2025-06-29 05:18:00,Russia,iPhone,192.168.1.234,0,0
user_17,2025-06-23 08:23:00,India,MacBook,10.0.0.55,1,0
user_29,2025-05-24 06:29:00,India,iPad,10.0.0.204,1,0
user_50,2025-06-05 23:34:00,India,iPhone,10.0.0.185,1,0
user_7,2025-07-06 03:25:00,USA,Linux Desktop,192.168.1.92,1,0
user_36,2025-05-14 13:58:00,India,iPad,192.168.1.197,1,0
user_41,2025-06-10 09:04:00,Brazil,MacBook,192.168.1.104,1,0
user_37,2025-07-13 06:03:00,India,MacBook,172.16.0.184,0,0
user_49,2025-07-08 21:30:00,Brazil,iPad,10.0.0.204,1,0
user_48,2025-07-08 14:02:00,India,iPad,172.16.0.213,1,0
user_6,2025-06-13 00:13:00,India,iPhone,10.0.0.243,1,0
user_2,2025-07-18 15:31:00,Japan,iPad,172.16.0.162,1,0
user_30,2025-07-02 16:34:00,India,MacBook,192.168.1.104,1,0
user_10,2025-07-12 15:08:00,Australia,MacBook,172.16.0.32,1,0
user_50,2025-06-09 10:33:00,Brazil,iPhone,192.168.1.59,1,0
user_18,2025-06-24 12:38:00,Germany,iPhone,192.168.1.112,1,0
user_19,2025-05-15 02:10:00,Brazil,Unregistered Browser,192.168.1.106,1,1
user_16,2025-06-17 02:12:00,India,iPad,10.0.0.23,1,0
user_21,2025-05-18 15:46:00,India,MacBook,172.16.0.100,1,0
user_17,2025-07-14 02:06:00,India,Windows PC,192.168.1.87,1,0
user_23,2025-05-26 04:03:00,Japan,Unregistered Browser,172.16.0.193,1,1
user_26,2025-05-20 15:18:00,India,Linux Desktop,192.168.1.150,1,0
user_32,2025-06-19 20:45:00,Russia,MacBook,192.168.1.83,1,0
user_17,2025-07-10 02:27:00,India,MacBook,10.0.0.225,0,0
user_24,2025-06-11 14:09:00,India,Android Phone,172.16.0.214,1,0
user_21,2025-06-11 01:44:00,Russia,Android Phone,172.16.0.127,1,0
user_43,2025-05-23 18:54:00,Brazil,Windows PC,192.168.1.40,1,0
user_31,2025-06-27 01:13:00,India,iPhone,10.0.0.31,0,0
user_3,2025-06-10 13:11:00,India,iPad,172.16.0.126,1,0
user_47,2025-07-07 06:16:00,India,Windows PC,192.168.1.224,1,0
user_48,2025-06-04 10:20:00,Brazil,Linux Desktop,172.16.0.151,1,0
user_1,2025-06-02 20:36:00,Germany,MacBook,10.0.0.237,1,0
user_44,2025-07-12 03:41:00,Russia,Windows PC,10.0.0.176,0,0
user_24,2025-05-28 00:05:00,Japan,Windows PC,10.0.0.41,1,0
user_46,2025-05-21 16:54:00,India,iPad,10.0.0.154,1,0
user_3,2025-05-22 00:16:00,USA,iPhone,10.0.0.244,1,0
user_37,2025-07-08 04:11:00,USA,Unknown Device,172.16.0.74,1,1
user_26,2025-06-27 12:17:00,India,iPhone,192.168.1.7,1,0
user_50,2025-06-14 02:39:00,India,iPad,192.168.1.32,1,0
user_48,2025-06-22 12:16:00,Japan,Linux Desktop,192.168.1.93,1,0
user_33,2025-07-02 13:04:00,India,iPhone,10.0.0.70,1,0
user_49,2025-06-12 06:39:00,Brazil,Linux Desktop,192.168.1.113,1,0
user_33,2025-06-19 15:08:00,Australia,iPad,192.168.1.167,1,0
user_32,2025-06-02 03:50:00,Russia,Unknown Device,192.168.1.76,1,1
user_9,2025-05-19 01:47:00,USA,Unknown Device,172.16.0.111,1,1
user_33,2025-06-12 01:27:00,India,iPhone,172.16.0.186,1,0
user_17,2025-05-28 10:30:00,India,Linux Desktop,192.168.1.31,1,0
user_12,2025-06-14 23:16:00,India,iPhone,172.16.0.78,1,0
user_49,2025-05-20 17:29:00,India,Android Phone,10.0.0.249,1,0
user_14,2025-07-03 21:22:00,India,Linux Desktop,10.0.0.225,1,0
user_2,2025-07-20 04:55:00,India,Windows PC,192.168.1.169,1,0
user_43,2025-05-13 23:52:00,USA,iPhone,10.0.0.160,1,0
user_45,2025-05-20 09:45:00,Australia,iPad,10.0.0.207,1,0
user_1,2025-07-03 02:53:00,Russia,Unknown Device,172.16.0.250,1,1
user_28,2025-05-24 18:03:00,Russia,Linux Desktop,192.168.1.24,1,0
user_31,2025-06-12 08:05:00,India,MacBook,192.168.1.191,1,0
user_31,2025-07-18 22:49:00,Russia,Linux Desktop,192.168.1.53,1,0
user_26,2025-07-16 02:27:00,India,Windows PC,172.16.0.218,1,0
user_32,2025-05-14 15:31:00,India,iPad,172.16.0.76,1,0
user_33,2025-05-27 22:33:00,Germany,iPad,10.0.0.61,1,0
user_28,2025-05-29 06:31:00,India,Windows PC,10.0.0.230,1,0
user_8,2025-06-05 02:49:00,Brazil,Unregistered Browser,10.0.0.116,1,1
user_23,2025-06-10 20:37:00,India,MacBook,172.16.0.234,1,0
user_46,2025-05-21 22:33:00,India,Android Phone,172.16.0.184,1,0
user_44,2025-05-22 08:17:00,Germany,iPhone,192.168.1.161,1,0
user_6,2025-05-21 00:29:00,India,MacBook,192.168.1.42,1,0
user_27,2025-06-05 19:08:00,India,MacBook,172.16.0.14,0,0
user_17,2025-06-18 05:43:00,USA,MacBook,172.16.0.10,1,0
user_8,2025-05-25 12:36:00,India,Linux Desktop,192.168.1.126,1,0
user_23,2025-07-16 11:44:00,Germany,Linux Desktop,10.0.0.231,1,0
user_33,2025-05-26 17:36:00,USA,iPad,192.168.1.239,1,0
user_49,2025-07-10 15:22:00,Australia,Linux Desktop,172.16.0.202,1,0
user_36,2025-07-16 22:00:00,India,MacBook,172.16.0.32,1,0
user_11,2025-05-15 10:35:00,India,iPhone,172.16.0.129,1,0
user_42,2025-06-17 15:06:00,India,MacBook,192.168.1.219,1,0
user_50,2025-07-20 03:18:00,India,iPhone,10.0.0.75,1,0
user_24,2025-05-16 15:19:00,Germany,Android Phone,172.16.0.172,1,0
user_34,2025-06-12 08:26:00,Brazil,MacBook,10.0.0.107,1,0
user_34,2025-05-19 15:24:00,India,Windows PC,10.0.0.39,1,0
user_34,2025-07-14 09:41:00,India,Android Phone,10.0.0.253,1,0
user_26,2025-05-12 15:13:00,India,iPad,192.168.1.233,1,0
user_46,2025-05-21 15:07:00,Russia,Android Phone,10.0.0.104,1,0
user_20,2025-05-16 01:26:00,Germany,Android Phone,192.168.1.213,1,0
user_10,2025-05-17 23:52:00,India,iPad,192.168.1.229,1,0
user_42,2025-06-10 11:49:00,USA,iPad,10.0.0.200,1,0
user_3,2025-06-01 19:39:00,India,iPad,172.16.0.191,1,0
user_35,2025-06-24 21:27:00,India,Linux Desktop,172.16.0.81,1,0
user_11,2025-07-18 14:32:00,India,Linux Desktop,172.16.0.68,1,0
user_47,2025-06-12 06:11:00,Australia,Windows PC,172.16.0.17,1,0
user_33,2025-06-18 11:20:00,India,iPad,192.168.1.116,1,0
user_30,2025-06-19 21:11:00,Australia,iPad,172.16.0.146,1,0
user_43,2025-06-02 04:42:00,Brazil,MacBook,10.0.0.78,1,0
user_46,2025-05-29 14:28:00,USA,iPad,10.0.0.135,1,0
user_34,2025-05-28 17:29:00,India,Android Phone,10.0.0.27,1,0
user_27,2025-07-13 04:41:00,Australia,Unregistered Browser,192.168.1.123,1,1
user_17,2025-05-28 13:16:00,India,iPhone,10.0.0.178,1,0
user_27,2025-07-05 21:57:00,India,MacBook,10.0.0.184,1,0
user_33,2025-06-02 13:46:00,India,MacBook,10.0.0.123,1,0
user_36,2025-06-17 02:52:00,Japan,Windows PC,172.16.0.220,1,0
user_37,2025-06-24 09:04:00,India,MacBook,192.168.1.97,1,0
user_19,2025-06-06 03:10:00,Brazil,Unknown Device,192.168.1.202,1,1
user_12,2025-05-14 03:53:00,Russia,Unregistered Browser,172.16.0.91,1,1
user_22,2025-06-16 09:27:00,India,iPad,172.16.0.35,1,0
user_30,2025-05-12 09:47:00,India,iPhone,192.168.1.223,1,0
user_40,2025-05-21 06:04:00,USA,iPhone,192.168.1.232,1,0
user_43,2025-06-10 03:44:00,Australia,Unknown Device,192.168.1.223,1,1
user_42,2025-05-30 19:46:00,India,Linux Desktop,172.16.0.149,1,0
user_34,2025-07-03 11:57:00,Germany,Linux Desktop,192.168.1.32,1,0
user_2,2025-06-25 17:02:00,Brazil,MacBook,172.16.0.216,1,0
user_35,2025-05-26 02:00:00,Russia,Unregistered Browser,192.168.1.127,1,1
user_2,2025-06-02 16:28:00,India,Android Phone,192.168.1.31,0,0
user_19,2025-07-07 15:03:00,India,Windows PC,192.168.1.80,0,0
user_4,2025-05-25 19:21:00,Australia,MacBook,192.168.1.184,1,0
user_21,2025-07-07 18:29:00,India,Android Phone,10.0.0.98,1,0
user_4,2025-07-02 07:12:00,India,Linux Desktop,172.16.0.62,1,0
user_25,2025-07-10 06:18:00,India,Android Phone,10.0.0.143,1,0
user_27,2025-05-24 01:42:00,India,Windows PC,10.0.0.143,0,0
user_16,2025-05-31 05:55:00,USA,MacBook,10.0.0.147,1,0
user_41,2025-06-05 04:29:00,India,MacBook,10.0.0.140,0,0
user_35,2025-06-12 03:59:00,Australia,Linux Desktop,10.0.0.12,1,0
user_40,2025-06-24 09:49:00,USA,MacBook,192.168.1.17,1,0
user_39,2025-06-27 21:37:00,Brazil,iPhone,10.0.0.217,1,0
user_33,2025-06-25 03:09:00,India,iPad,172.16.0.146,1,0
user_45,2025-07-09 13:03:00,Brazil,iPad,172.16.0.73,1,0
user_33,2025-06-21 18:21:00,Russia,Android Phone,172.16.0.68,0,0
user_18,2025-06-28 08:27:00,USA,Android Phone,10.0.0.55,1,0
user_2,2025-05-18 04:20:00,Germany,Unregistered Browser,172.16.0.123,1,1
user_49,2025-06-14 23:38:00,India,iPad,172.16.0.21,1,0
user_43,2025-06-10 05:11:00,USA,Android Phone,10.0.0.213,1,0
user_50,2025-05-18 07:00:00,Australia,Windows PC,10.0.0.96,1,0
user_15,2025-05-14 02:16:00,India,Android Phone,172.16.0.237,1,0
user_40,2025-05-24 19:50:00,India,iPad,192.168.1.61,0,0
user_3,2025-06-25 04:22:00,India,iPad,172.16.0.157,1,0
user_41,2025-06-14 16:26:00,India,Android Phone,172.16.0.130,1,0
user_43,2025-05-14 11:44:00,India,iPad,172.16.0.146,1,0
user_48,2025-07-14 19:35:00,India,Linux Desktop,192.168.1.227,1,0
user_13,2025-05-20 00:37:00,India,iPad,172.16.0.138,1,0
user_30,2025-07-20 13:25:00,Japan,iPad,172.16.0.243,1,0
user_21,2025-06-11 08:47:00,Brazil,iPhone,10.0.0.33,1,0
user_24,2025-06-03 15:44:00,Germany,iPad,192.168.1.14,1,0
user_29,2025-06-21 22:51:00,India,MacBook,10.0.0.22,1,0
user_48,2025-06-30 04:48:00,Australia,iPhone,192.168.1.236,1,0
user_20,2025-07-15 03:24:00,Australia,Unregistered Browser,192.168.1.124,1,1
user_16,2025-07-10 22:07:00,India,Android Phone,192.168.1.212,1,0
user_5,2025-05-27 03:03:00,USA,Windows PC,172.16.0.116,1,0
user_4,2025-07-17 16:51:00,India,iPad,192.168.1.202,1,0
user_29,2025-07-15 03:00:00,USA,Unregistered Browser,10.0.0.18,1,1
user_26,2025-07-12 00:21:00,USA,iPhone,192.168.1.223,1,0
user_1,2025-06-09 11:12:00,India,iPhone,172.16.0.160,1,0
user_44,2025-07-18 01:57:00,Australia,Unknown Device,172.16.0.51,1,1
user_37,2025-07-09 06:29:00,USA,Android Phone,10.0.0.109,1,0
user_12,2025-06-28 14:31:00,India,Windows PC,192.168.1.34,1,0
user_42,2025-05-13 01:44:00,India,Linux Desktop,172.16.0.200,1,0
user_39,2025-06-19 12:37:00,India,Windows PC,172.16.0.152,1,0
user_16,2025-06-04 13:54:00,Brazil,Linux Desktop,192.168.1.110,1,0
user_41,2025-07-02 10:02:00,Brazil,Android Phone,192.168.1.172,1,0
user_30,2025-05-27 03:29:00,USA,Linux Desktop,172.16.0.248,1,0
user_22,2025-07-05 23:11:00,India,Windows PC,10.0.0.58,1,0
user_45,2025-06-29 18:39:00,India,MacBook,192.168.1.125,1,0
user_22,2025-05-14 08:58:00,India,iPhone,192.168.1.213,0,0
user_5,2025-06-18 03:53:00,India,Windows PC,192.168.1.76,1,0
user_49,2025-06-17 23:27:00,India,Windows PC,192.168.1.52,1,0
user_17,2025-05-16 07:22:00,India,Linux Desktop,192.168.1.47,1,0
user_17,2025-07-11 12:38:00,India,iPad,192.168.1.99,1,0
user_22,2025-07-01 14:25:00,India,MacBook,10.0.0.209,1,0
user_34,2025-05-25 00:17:00,Russia,iPad,192.168.1.32,1,0
user_13,2025-07-03 06:57:00,India,iPad,10.0.0.83,1,0
user_16,2025-07-16 12:47:00,Germany,Linux Desktop,192.168.1.220,1,0
user_21,2025-06-28 05:44:00,India,Android Phone,192.168.1.219,1,0
user_32,2025-07-01 16:36:00,Germany,iPhone,172.16.0.159,1,0
user_49,2025-05-23 00:31:00,Germany,Android Phone,10.0.0.134,1,0
user_24,2025-06-02 21:46:00,USA,iPad,10.0.0.123,1,0
user_38,2025-05-22 14:19:00,India,MacBook,192.168.1.117,1,0
user_20,2025-06-12 01:13:00,Russia,Linux Desktop,192.168.1.241,1,0
user_6,2025-07-08 12:15:00,Germany,Android Phone,10.0.0.134,1,0
user_30,2025-06-04 02:38:00,USA,iPhone,10.0.0.121,1,0
user_32,2025-06-21 21:09:00,India,Windows PC,192.168.1.115,1,0
user_23,2025-07-13 05:39:00,India,Linux Desktop,172.16.0.141,1,0
user_15,2025-07-11 18:43:00,India,Android Phone,192.168.1.141,1,0
user_22,2025-06-27 23:30:00,India,iPad,10.0.0.50,1,0
user_49,2025-05-16 13:10:00,Germany,Android Phone,192.168.1.199,1,0
user_26,2025-06-13 19:18:00,Brazil,iPad,192.168.1.122,1,0
user_10,2025-06-14 13:20:00,India,iPad,172.16.0.55,1,0
user_36,2025-05-12 18:39:00,India,iPhone,10.0.0.204,1,0
user_28,2025-05-18 05:01:00,India,iPhone,10.0.0.220,1,0
user_37,2025-07-09 01:19:00,India,iPad,192.168.1.129,1,0
user_22,2025-06-30 05:06:00,India,iPad,10.0.0.197,1,0
user_21,2025-05-28 07:28:00,India,Windows PC,192.168.1.41,0,0
user_37,2025-05-24 09:47:00,Brazil,Linux Desktop,172.16.0.223,1,0
user_26,2025-07-14 22:31:00,India,MacBook,10.0.0.29,1,0
user_41,2025-06-23 00:11:00,India,Windows PC,172.16.0.143,1,0
user_39,2025-06-06 06:18:00,India,MacBook,192.168.1.235,0,0
user_15,2025-06-24 04:46:00,Brazil,Unregistered Browser,10.0.0.16,1,1
user_11,2025-07-10 15:46:00,India,iPhone,10.0.0.192,1,0
user_14,2025-07-08 21:51:00,Russia,Android Phone,10.0.0.211,1,0
user_39,2025-05-29 09:23:00,Japan,Linux Desktop,192.168.1.130,1,0
user_13,2025-07-20 01:26:00,Australia,iPhone,192.168.1.213,1,0
user_34,2025-06-20 19:13:00,Japan,iPhone,10.0.0.120,1,0
user_19,2025-05-22 21:50:00,Russia,iPhone,10.0.0.181,1,0
user_26,2025-05-25 22:31:00,Brazil,MacBook,10.0.0.65,1,0
user_28,2025-06-09 01:33:00,India,iPad,192.168.1.180,1,0
user_3,2025-06-28 22:04:00,Russia,MacBook,10.0.0.227,1,0
user_5,2025-05-18 04:47:00,Germany,MacBook,10.0.0.107,0,0
user_24,2025-07-13 18:30:00,Germany,Linux Desktop,10.0.0.106,1,0
user_33,2025-07-16 16:11:00,India,Windows PC,172.16.0.179,1,0
user_22,2025-05-13 20:07:00,India,MacBook,10.0.0.11,1,0
user_9,2025-06-20 23:06:00,USA,iPhone,10.0.0.120,1,0
user_16,2025-05-16 18:51:00,Australia,MacBook,10.0.0.212,1,0
user_2,2025-05-26 11:42:00,India,Android Phone,192.168.1.138,1,0
user_43,2025-07-19 17:12:00,USA,MacBook,10.0.0.93,1,0
user_44,2025-06-02 06:52:00,India,iPad,192.168.1.216,1,0
user_43,2025-05-16 01:40:00,USA,Unregistered Browser,10.0.0.178,1,1
user_50,2025-07-02 08:59:00,Japan,Android Phone,192.168.1.53,1,0
user_1,2025-06-20 01:15:00,Brazil,iPad,172.16.0.18,1,0
user_43,2025-07-05 10:57:00,Germany,Windows PC,10.0.0.133,1,0
user_36,2025-05-24 16:27:00,India,MacBook,172.16.0.103,1,0
user_14,2025-07-11 04:23:00,Germany,Unknown Device,192.168.1.104,1,1
user_5,2025-05-21 20:21:00,Brazil,iPad,172.16.0.96,1,0
user_27,2025-06-23 06:59:00,Germany,iPhone,192.168.1.184,1,0
user_37,2025-07-05 03:08:00,India,Windows PC,172.16.0.85,0,0
user_44,2025-05-18 14:14:00,India,MacBook,172.16.0.196,1,0
user_43,2025-06-06 20:28:00,India,Windows PC,172.16.0.235,1,0
user_41,2025-05-14 05:10:00,India,Linux Desktop,172.16.0.5,1,0
user_8,2025-06-22 15:00:00,India,iPhone,192.168.1.160,1,0
user_32,2025-06-23 17:44:00,India,iPhone,192.168.1.166,1,0
user_39,2025-06-10 08:21:00,Germany,Android Phone,192.168.1.73,1,0
user_3,2025-06-03 03:50:00,Australia,Unregistered Browser,172.16.0.210,1,1
user_16,2025-07-02 00:05:00,India,iPad,192.168.1.207,1,0
user_39,2025-06-16 00:19:00,India,MacBook,10.0.0.163,1,0
user_5,2025-07-03 05:15:00,India,MacBook,192.168.1.34,1,0
user_14,2025-06-29 05:28:00,India,iPhone,172.16.0.121,1,0
user_16,2025-06-12 03:25:00,India,MacBook,10.0.0.75,1,0
user_13,2025-06-25 23:48:00,Russia,iPhone,192.168.1.245,0,0
user_11,2025-06-07 21:24:00,India,Linux Desktop,172.16.0.190,1,0
user_31,2025-07-18 22:25:00,Germany,iPhone,192.168.1.196,1,0
user_35,2025-07-06 19:54:00,India,MacBook,10.0.0.99,1,0
user_25,2025-05-30 13:40:00,USA,Windows PC,10.0.0.36,1,0
user_13,2025-07-20 08:34:00,India,Linux Desktop,172.16.0.187,1,0
user_27,2025-06-14 19:34:00,Australia,Android Phone,10.0.0.127,1,0
user_5,2025-06-13 12:41:00,Russia,Windows PC,10.0.0.240,1,0
user_28,2025-06-27 12:04:00,Germany,iPad,10.0.0.132,1,0
user_24,2025-05-18 08:16:00,India,iPhone,10.0.0.190,1,0
user_24,2025-05-24 07:21:00,Germany,Windows PC,172.16.0.172,1,0
user_30,2025-05-19 17:53:00,India,MacBook,172.16.0.150,0,0
user_1,2025-07-10 02:41:00,Germany,iPad,172.16.0.236,1,0
user_6,2025-06-03 12:56:00,Japan,iPhone,192.168.1.214,1,0
user_33,2025-06-02 04:54:00,USA,iPhone,172.16.0.80,1,0
user_47,2025-07-12 15:33:00,India,Linux Desktop,10.0.0.210,1,0
user_48,2025-06-14 12:19:00,USA,Windows PC,192.168.1.210,1,0
user_50,2025-05-18 08:34:00,India,iPhone,172.16.0.75,1,0
user_24,2025-07-03 18:30:00,Germany,MacBook,10.0.0.48,1,0
user_37,2025-07-01 09:19:00,India,Windows PC,172.16.0.48,1,0
user_27,2025-06-10 04:54:00,USA,Unknown Device,192.168.1.224,1,1
user_18,2025-07-14 21:18:00,India,Linux Desktop,192.168.1.124,1,0
user_1,2025-07-15 01:19:00,Germany,Unregistered Browser,172.16.0.151,1,1
user_39,2025-06-03 09:34:00,Australia,Android Phone,10.0.0.123,1,0
user_22,2025-06-16 23:42:00,USA,Android Phone,10.0.0.211,1,0
user_26,2025-06-16 06:59:00,USA,Android Phone,10.0.0.208,1,0
user_45,2025-06-14 03:56:00,Germany,MacBook,192.168.1.156,1,0
user_45,2025-05-13 08:09:00,Brazil,Android Phone,10.0.0.160,1,0
user_33,2025-06-13 03:12:00,USA,Windows PC,172.16.0.247,1,0
user_41,2025-06-17 22:49:00,Russia,iPad,10.0.0.175,1,0
user_26,2025-05-14 10:52:00,USA,Windows PC,10.0.0.111,1,0
user_31,2025-05-21 19:32:00,Russia,Windows PC,172.16.0.100,1,0
user_10,2025-06-03 09:37:00,Russia,iPad,172.16.0.10,1,0
user_20,2025-05-20 11:22:00,Australia,iPhone,192.168.1.231,1,0
user_43,2025-06-01 12:35:00,India,MacBook,192.168.1.194,1,0
user_7,2025-06-11 03:39:00,Australia,Windows PC,192.168.1.239,1,0
user_50,2025-06-25 05:14:00,India,Android Phone,172.16.0.123,0,0
user_43,2025-07-08 09:08:00,Japan,iPad,172.16.0.127,1,0
user_15,2025-05-29 07:28:00,Germany,Linux Desktop,192.168.1.166,1,0
user_48,2025-05-14 17:52:00,Germany,iPad,172.16.0.202,1,0
user_15,2025-06-30 09:20:00,India,Android Phone,192.168.1.30,1,0
user_13,2025-05-13 23:03:00,Japan,Linux Desktop,10.0.0.34,1,0
user_37,2025-05-14 15:52:00,India,Windows PC,172.16.0.139,1,0
user_28,2025-06-21 15:25:00,Germany,iPad,192.168.1.135,1,0
user_7,2025-06-14 18:07:00,India,iPhone,10.0.0.39,1,0
user_15,2025-06-05 05:47:00,USA,MacBook,172.16.0.74,1,0
user_45,2025-07-17 14:40:00,India,Android Phone,172.16.0.178,1,0
user_46,2025-05-29 11:50:00,India,MacBook,10.0.0.76,1,0
user_22,2025-07-06 20:07:00,Brazil,MacBook,172.16.0.241,1,0
user_4,2025-07-04 10:37:00,Russia,iPad,10.0.0.78,0,0
user_11,2025-07-18 18:35:00,India,Android Phone,10.0.0.175,1,0
user_26,2025-06-15 03:24:00,India,iPad,10.0.0.74,1,0
user_36,2025-06-14 21:29:00,India,Android Phone,172.16.0.223,1,0
user_46,2025-06-23 01:26:00,India,MacBook,172.16.0.37,1,0
user_10,2025-07-01 15:27:00,India,iPad,192.168.1.190,1,0
user_37,2025-07-11 10:59:00,USA,MacBook,10.0.0.245,0,0
user_11,2025-07-15 14:38:00,India,iPhone,192.168.1.243,1,0
user_42,2025-06-19 04:15:00,Germany,Unregistered Browser,172.16.0.186,1,1
user_20,2025-05-19 02:46:00,India,MacBook,172.16.0.192,1,0
user_43,2025-05-21 19:08:00,India,iPhone,172.16.0.99,1,0
user_24,2025-07-19 16:21:00,India,Windows PC,192.168.1.127,1,0
user_15,2025-07-18 15:23:00,India,Linux Desktop,10.0.0.72,1,0
user_38,2025-07-04 06:05:00,India,iPad,172.16.0.113,1,0
user_21,2025-07-14 04:59:00,Japan,Unknown Device,192.168.1.105,1,1
user_34,2025-05-28 12:21:00,India,iPad,192.168.1.194,1,0
user_8,2025-07-04 07:01:00,Russia,iPad,192.168.1.3,1,0
user_8,2025-07-17 04:11:00,India,MacBook,172.16.0.43,1,0
user_49,2025-07-17 13:13:00,India,Windows PC,172.16.0.78,1,0
user_28,2025-05-21 19:55:00,India,Android Phone,192.168.1.244,1,0
user_19,2025-05-21 17:44:00,India,MacBook,172.16.0.127,1,0
user_23,2025-05-26 02:29:00,USA,Unknown Device,172.16.0.27,1,1
user_20,2025-07-01 03:33:00,Australia,Linux Desktop,172.16.0.57,1,0
user_47,2025-05-25 02:14:00,India,Linux Desktop,10.0.0.68,1,0
user_26,2025-06-09 05:24:00,India,Android Phone,172.16.0.110,1,0
user_14,2025-07-14 07:33:00,USA,Android Phone,172.16.0.180,1,0
user_37,2025-05-21 21:46:00,USA,Linux Desktop,172.16.0.43,1,0
user_28,2025-06-16 05:53:00,India,Linux Desktop,192.168.1.21,1,0
user_44,2025-05-31 19:46:00,India,Android Phone,172.16.0.24,1,0
user_18,2025-07-07 10:02:00,Russia,MacBook,10.0.0.4,1,0
user_15,2025-06-16 06:33:00,Australia,Windows PC,192.168.1.136,1,0
user_32,2025-07-12 00:59:00,India,iPad,172.16.0.223,1,0
user_7,2025-07-16 08:55:00,India,iPhone,192.168.1.90,1,0
user_35,2025-05-31 02:33:00,Japan,Unknown Device,10.0.0.153,1,1
user_10,2025-06-16 06:11:00,India,Android Phone,192.168.1.237,1,0
user_46,2025-06-28 01:30:00,USA,iPhone,172.16.0.119,1,0
user_30,2025-06-05 00:33:00,India,iPhone,172.16.0.243,1,0
user_15,2025-06-22 23:00:00,USA,Windows PC,10.0.0.106,1,0
user_41,2025-07-13 12:05:00,India,MacBook,192.168.1.44,1,0
user_19,2025-05-31 07:07:00,Japan,Windows PC,10.0.0.175,1,0
user_31,2025-06-05 01:13:00,Germany,Unregistered Browser,172.16.0.180,1,1
user_45,2025-06-02 02:26:00,Germany,MacBook,172.16.0.171,0,0
user_34,2025-05-19 11:18:00,USA,Linux Desktop,10.0.0.248,1,0
user_49,2025-06-03 02:03:00,Japan,MacBook,192.168.1.95,1,0
user_4,2025-06-12 06:14:00,India,MacBook,10.0.0.250,1,0
user_16,2025-06-01 15:58:00,Russia,Windows PC,10.0.0.78,1,0
user_1,2025-05-14 13:27:00,USA,iPhone,192.168.1.238,1,0
user_42,2025-06-03 19:30:00,Brazil,Windows PC,10.0.0.230,1,0
user_23,2025-07-20 04:49:00,USA,Android Phone,10.0.0.92,1,0
user_47,2025-07-03 19:01:00,India,Windows PC,192.168.1.112,1,0
user_33,2025-07-06 17:54:00,India,iPhone,192.168.1.41,1,0
user_31,2025-06-14 18:01:00,India,Android Phone,10.0.0.230,1,0
user_7,2025-06-10 19:37:00,USA,iPhone,192.168.1.37,1,0
user_23,2025-05-17 04:23:00,India,MacBook,10.0.0.12,1,0
user_22,2025-07-17 20:39:00,India,MacBook,10.0.0.247,1,0
user_27,2025-06-06 05:18:00,India,iPad,172.16.0.34,1,0
user_26,2025-06-05 01:22:00,Germany,iPad,10.0.0.35,1,0
user_2,2025-07-09 04:10:00,Brazil,Unknown Device,192.168.1.198,1,1
user_28,2025-06-07 00:42:00,India,iPhone,192.168.1.196,1,0
user_47,2025-06-04 04:52:00,India,Android Phone,192.168.1.223,1,0
user_43,2025-06-11 16:11:00,India,iPad,192.168.1.181,1,0
user_13,2025-05-27 02:12:00,Germany,Unregistered Browser,192.168.1.32,1,1
user_2,2025-05-25 15:00:00,India,Windows PC,10.0.0.106,1,0
user_15,2025-06-30 03:13:00,USA,Unregistered Browser,192.168.1.132,1,1
user_18,2025-06-18 03:52:00,USA,Unknown Device,10.0.0.231,1,1
user_19,2025-06-07 18:28:00,India,Linux Desktop,192.168.1.112,1,0
user_24,2025-06-20 07:26:00,India,Windows PC,172.16.0.5,1,0
user_9,2025-06-20 14:09:00,India,Android Phone,172.16.0.201,1,0
user_16,2025-05-22 13:12:00,India,Linux Desktop,10.0.0.24,1,0
user_48,2025-05-26 22:58:00,India,Linux Desktop,172.16.0.211,1,0
user_7,2025-07-13 22:07:00,Japan,Linux Desktop,10.0.0.79,1,0
user_13,2025-06-02 04:07:00,Germany,Windows PC,192.168.1.51,1,0
user_49,2025-05-30 17:36:00,Australia,Android Phone,10.0.0.163,1,0
user_5,2025-06-06 18:57:00,India,Linux Desktop,192.168.1.44,1,0
user_9,2025-06-24 08:56:00,India,Linux Desktop,192.168.1.205,0,0
user_26,2025-06-05 16:17:00,USA,Linux Desktop,192.168.1.44,1,0
user_36,2025-06-15 05:11:00,India,Android Phone,192.168.1.49,1,0
user_38,2025-05-18 07:41:00,India,Linux Desktop,10.0.0.130,1,0
user_20,2025-06-30 03:22:00,Germany,Unknown Device,172.16.0.32,1,1
user_41,2025-07-07 02:05:00,Germany,Unknown Device,192.168.1.71,1,1
user_1,2025-05-22 16:42:00,India,Linux Desktop,10.0.0.85,1,0
user_36,2025-06-26 03:53:00,USA,Unknown Device,172.16.0.77,1,1
user_47,2025-06-25 06:42:00,India,Windows PC,172.16.0.170,0,0
user_50,2025-05-28 15:32:00,India,iPad,172.16.0.99,1,0
user_41,2025-05-24 00:02:00,USA,MacBook,10.0.0.58,1,0
user_41,2025-05-13 04:58:00,India,iPhone,192.168.1.188,1,0
user_31,2025-07-12 05:01:00,India,iPhone,192.168.1.210,1,0
user_32,2025-05-15 08:07:00,India,Android Phone,192.168.1.81,1,0
user_26,2025-05-19 04:07:00,USA,Windows PC,192.168.1.20,1,0
user_42,2025-06-14 04:24:00,USA,Unregistered Browser,192.168.1.188,1,1
user_2,2025-07-10 17:19:00,Brazil,iPad,192.168.1.35,1,0
user_10,2025-05-24 15:09:00,India,Windows PC,192.168.1.140,1,0
user_46,2025-07-13 00:05:00,India,iPhone,172.16.0.230,1,0
user_22,2025-06-07 03:30:00,India,Windows PC,172.16.0.179,1,0
user_2,2025-07-16 16:25:00,India,Android Phone,192.168.1.132,1,0
user_1,2025-06-30 07:40:00,India,iPhone,10.0.0.39,1,0
user_44,2025-06-15 17:12:00,USA,iPad,192.168.1.127,1,0
user_7,2025-06-25 02:04:00,India,Linux Desktop,10.0.0.32,1,0
user_6,2025-07-16 19:00:00,USA,MacBook,10.0.0.137,1,0
user_28,2025-07-07 01:32:00,Russia,iPad,10.0.0.161,1,0
user_7,2025-06-26 01:29:00,Japan,iPad,10.0.0.240,1,0
user_5,2025-07-20 12:56:00,Russia,MacBook,172.16.0.39,1,0
user_47,2025-06-07 04:32:00,Brazil,Windows PC,172.16.0.111,0,0
user_6,2025-06-21 07:58:00,Australia,MacBook,10.0.0.92,1,0
user_45,2025-06-13 01:25:00,USA,iPad,10.0.0.37,1,0
user_16,2025-06-15 20:37:00,India,iPhone,172.16.0.138,1,0
user_15,2025-06-15 17:28:00,India,iPad,10.0.0.136,1,0
user_48,2025-06-30 18:33:00,Germany,MacBook,10.0.0.2,1,0
user_24,2025-05-30 21:54:00,India,MacBook,192.168.1.17,1,0
user_50,2025-07-08 01:17:00,India,MacBook,172.16.0.250,1,0
user_14,2025-06-30 07:04:00,India,MacBook,192.168.1.248,1,0
user_47,2025-07-18 08:08:00,USA,iPhone,10.0.0.15,1,0
user_5,2025-06-07 01:03:00,USA,Unregistered Browser,192.168.1.39,1,1
user_10,2025-07-04 03:11:00,India,MacBook,172.16.0.137,1,0
user_27,2025-05-15 23:14:00,India,iPad,172.16.0.5,1,0
user_42,2025-07-17 19:32:00,USA,MacBook,172.16.0.43,1,0
user_44,2025-06-09 09:16:00,India,Android Phone,172.16.0.130,1,0
user_11,2025-06-25 23:53:00,Australia,Linux Desktop,10.0.0.252,0,0
user_26,2025-05-25 09:22:00,India,iPhone,192.168.1.212,1,0
user_5,2025-05-18 17:04:00,India,Android Phone,172.16.0.166,1,0
user_4,2025-06-16 22:11:00,USA,MacBook,10.0.0.29,1,0
user_50,2025-06-20 04:51:00,India,Android Phone,192.168.1.140,1,0
user_1,2025-05-12 01:03:00,Brazil,Unknown Device,172.16.0.53,1,1
user_37,2025-06-06 16:48:00,India,Android Phone,192.168.1.243,1,0
user_49,2025-06-25 00:46:00,Australia,Linux Desktop,192.168.1.82,1,0
user_9,2025-05-17 18:43:00,USA,Android Phone,10.0.0.231,1,0
user_50,2025-07-07 02:36:00,Germany,Unregistered Browser,10.0.0.152,1,1
user_6,2025-05-24 18:17:00,India,iPad,192.168.1.228,1,0
user_10,2025-05-16 07:59:00,India,Linux Desktop,172.16.0.188,1,0
user_50,2025-06-19 15:52:00,India,MacBook,10.0.0.76,1,0
user_28,2025-07-17 02:17:00,Russia,iPad,10.0.0.63,1,0
user_5,2025-07-06 20:46:00,India,iPhone,192.168.1.208,1,0
user_20,2025-05-31 22:27:00,Russia,Windows PC,10.0.0.26,1,0
user_19,2025-07-06 00:57:00,India,Linux Desktop,10.0.0.92,1,0
user_50,2025-06-08 19:11:00,India,iPhone,10.0.0.197,1,0
user_9,2025-07-09 10:53:00,Australia,iPhone,192.168.1.95,1,0
user_40,2025-05-19 18:56:00,India,Android Phone,172.16.0.218,1,0
user_6,2025-05-19 15:24:00,India,iPhone,10.0.0.226,1,0
user_40,2025-05-23 03:09:00,India,MacBook,172.16.0.212,1,0
user_7,2025-06-24 06:44:00,India,Linux Desktop,10.0.0.220,1,0
user_30,2025-05-20 19:55:00,India,iPhone,10.0.0.166,1,0
user_7,2025-07-12 22:13:00,India,Windows PC,10.0.0.198,1,0
user_5,2025-06-21 20:34:00,India,Linux Desktop,10.0.0.56,1,0
user_18,2025-06-09 08:39:00,India,MacBook,10.0.0.39,1,0
user_3,2025-05-27 00:37:00,Germany,Windows PC,10.0.0.204,1,0
user_4,2025-07-01 11:41:00,Russia,iPad,10.0.0.71,1,0
user_10,2025-07-14 10:24:00,India,Windows PC,10.0.0.225,1,0
user_34,2025-07-01 05:58:00,USA,Android Phone,192.168.1.214,1,0
user_28,2025-06-19 14:32:00,Australia,Android Phone,192.168.1.52,1,0
user_31,2025-06-01 23:52:00,USA,MacBook,172.16.0.113,1,0
user_25,2025-07-19 20:00:00,India,Linux Desktop,192.168.1.21,1,0
user_10,2025-06-21 06:29:00,USA,iPad,172.16.0.213,1,0
user_10,2025-06-08 23:44:00,Japan,iPhone,10.0.0.31,1,0
user_17,2025-06-03 08:13:00,Germany,iPhone,192.168.1.164,1,0
user_7,2025-07-17 09:59:00,India,MacBook,10.0.0.180,1,0
user_25,2025-07-01 01:32:00,India,MacBook,172.16.0.149,0,0
user_24,2025-07-19 06:19:00,India,Android Phone,172.16.0.211,1,0
user_42,2025-06-09 05:33:00,India,Android Phone,10.0.0.214,1,0
user_49,2025-06-20 04:04:00,India,MacBook,10.0.0.111,1,0
user_11,2025-06-01 08:00:00,India,Android Phone,172.16.0.178,1,0
user_45,2025-05-25 06:28:00,Japan,Windows PC,192.168.1.208,1,0
user_2,2025-05-25 15:27:00,Japan,Windows PC,10.0.0.193,1,0
user_7,2025-05-24 01:44:00,India,Linux Desktop,192.168.1.172,1,0
user_15,2025-06-09 08:32:00,India,Windows PC,192.168.1.221,1,0
user_30,2025-06-13 02:37:00,Brazil,Unregistered Browser,172.16.0.202,1,1
user_18,2025-05-21 18:47:00,India,iPhone,172.16.0.63,1,0
user_3,2025-07-19 07:46:00,India,Android Phone,172.16.0.211,1,0
user_11,2025-05-29 15:44:00,Australia,MacBook,172.16.0.251,1,0
user_26,2025-07-16 01:01:00,Brazil,Linux Desktop,10.0.0.34,1,0
user_47,2025-07-04 22:12:00,India,Android Phone,172.16.0.42,1,0
user_9,2025-06-04 20:08:00,India,Linux Desktop,10.0.0.217,1,0
user_36,2025-07-06 02:14:00,Japan,Unknown Device,192.168.1.25,1,1
user_40,2025-05-17 07:58:00,India,Windows PC,172.16.0.99,1,0
user_30,2025-05-23 23:41:00,USA,Android Phone,192.168.1.63,1,0
user_13,2025-06-02 02:03:00,USA,Unknown Device,10.0.0.199,1,1
user_41,2025-05-29 00:04:00,Russia,Windows PC,10.0.0.239,1,0
user_19,2025-06-26 21:21:00,Russia,Windows PC,192.168.1.128,1,0
user_14,2025-06-15 03:59:00,India,Windows PC,10.0.0.20,1,0
user_14,2025-05-19 04:11:00,India,Android Phone,172.16.0.234,1,0
user_20,2025-07-19 03:32:00,Brazil,Unregistered Browser,172.16.0.163,1,1
user_40,2025-05-27 02:59:00,India,MacBook,172.16.0.191,1,0
user_39,2025-07-18 01:08:00,India,Linux Desktop,172.16.0.196,1,0
user_8,2025-06-30 23:44:00,India,MacBook,192.168.1.23,1,0
user_18,2025-06-25 19:51:00,India,Windows PC,10.0.0.183,1,0
user_48,2025-06-05 14:36:00,India,iPhone,192.168.1.66,1,0
user_46,2025-06-25 03:39:00,Australia,Windows PC,172.16.0.205,1,0
user_14,2025-05-16 00:20:00,India,iPhone,10.0.0.154,1,0
user_40,2025-07-10 22:44:00,USA,iPhone,192.168.1.147,1,0
user_5,2025-06-09 19:57:00,India,Windows PC,172.16.0.66,1,0
user_42,2025-06-02 10:48:00,India,Windows PC,192.168.1.48,1,0
user_12,2025-06-18 04:11:00,India,MacBook,172.16.0.97,1,0
user_8,2025-07-19 20:39:00,India,Windows PC,172.16.0.86,1,0
user_21,2025-06-29 13:28:00,India,iPhone,10.0.0.156,1,0
user_36,2025-06-25 10:17:00,Germany,iPad,192.168.1.148,1,0
user_49,2025-06-11 02:58:00,India,Android Phone,192.168.1.52,1,0
user_3,2025-06-25 18:13:00,India,Windows PC,10.0.0.45,1,0
user_16,2025-05-29 06:30:00,India,Windows PC,172.16.0.202,1,0
user_30,2025-06-24 20:29:00,India,iPhone,192.168.1.231,1,0
user_22,2025-05-23 01:09:00,India,iPhone,192.168.1.214,1,0
user_18,2025-06-21 20:47:00,Germany,iPhone,192.168.1.144,1,0
user_4,2025-06-14 22:27:00,India,iPhone,10.0.0.219,1,0
